Entry	Start	End	Sequence	ConfidenceScore
A0A0A7EPL0	0	14	MVIPATSRFGFRAEF	[61.39, 62.26, 63.1, 61.71, 59.13, 59.14, 54.31, 58.26, 57.59, 50.64, 55.83, 52.51, 50.6, 53.52, 62.64]
A0A0A7EPL0	366	846	ENDEDVELVPETTHDHGDPNSFINLGPTVKNPARDENEMETSTQVEEHNPCLSEIQGPSNDTHRPASDYTMLNQSHTSTNTLPQLPRTLNAFDGQQFVNLPQVINTRDSPASQALPMTFSPTPSPQDILATNAANFGTSMPAAQSSQFQGSHVTSLGNCEGRTSDLMARWNHIYGRVQTQFPPAPLSHHHYSMQNQSPSPAQQRPVPSYIAHPQTFHVNYGENADQRWMPSSIAHPQTLPVNYGGNTNQRPIPSSIAHPQTLPVNYRGNTDHRSTPYSITHLQTLLNYGGNADQRPMPSSITNLQTLPATYGGYAHQRPMSSSITHPRTSPVNYGGTPDQRPMPSSITHPQTLPVSYGGTTDQILNPGGAMGQFSSREFMNLTPANTENWRPQSRMRGSVAPGTGYDHMIIHPTRPVHPQAQTPPAPLSTSYDGADEIQAFIGHPSYPVSNNETQAGTSSLPVAEGLGYSGSFWSMPPETW	[58.84, 45.42, 41.95, 41.11, 41.48, 48.53, 44.65, 42.09, 48.62, 36.02, 40.63, 40.65, 43.32, 45.59, 42.72, 50.71, 37.81, 41.43, 35.02, 37.65, 39.62, 38.22, 36.57, 32.85, 36.45, 28.9, 43.22, 32.24, 34.86, 39.75, 34.76, 36.97, 39.99, 37.92, 40.03, 42.61, 42.22, 42.84, 41.41, 36.4, 35.54, 31.96, 35.19, 31.68, 35.71, 34.4, 30.38, 34.81, 33.69, 35.51, 29.91, 29.57, 36.34, 34.56, 34.95, 34.41, 34.05, 39.98, 38.59, 36.05, 38.77, 33.96, 39.02, 32.18, 41.46, 32.01, 33.09, 34.24, 30.1, 33.38, 35.09, 28.68, 32.9, 30.6, 35.78, 32.09, 33.32, 28.55, 33.24, 26.74, 30.91, 29.11, 29.73, 28.17, 28.61, 26.53, 27.02, 26.24, 26.59, 26.3, 26.92, 28.03, 28.57, 28.28, 27.6, 28.22, 26.98, 28.14, 26.42, 29.13, 32.1, 30.36, 31.88, 30.62, 28.47, 33.21, 32.59, 35.28, 34.92, 36.83, 32.29, 37.41, 32.42, 34.6, 32.47, 35.02, 33.86, 27.71, 34.08, 26.22, 36.53, 33.79, 33.73, 29.62, 37.86, 35.53, 28.96, 35.11, 29.0, 32.71, 29.2, 30.71, 29.86, 32.23, 28.19, 30.75, 27.8, 31.54, 28.42, 31.96, 31.12, 27.77, 33.87, 32.25, 28.6, 32.31, 30.09, 32.5, 30.41, 28.37, 29.83, 30.81, 27.88, 29.64, 24.82, 29.32, 27.58, 26.8, 28.98, 26.4, 30.42, 30.39, 30.61, 32.73, 36.55, 34.34, 30.15, 33.2, 33.67, 30.75, 34.73, 35.46, 36.88, 35.26, 32.19, 31.7, 30.47, 29.84, 27.25, 29.53, 30.66, 35.22, 33.66, 30.62, 37.9, 28.72, 35.73, 33.67, 36.67, 32.3, 35.01, 34.66, 34.83, 37.58, 35.82, 35.8, 36.9, 42.14, 36.84, 40.18, 36.59, 38.87, 38.38, 30.25, 39.88, 32.87, 38.9, 34.9, 39.99, 37.28, 38.84, 34.1, 38.04, 35.13, 30.65, 30.84, 26.92, 30.12, 29.35, 28.71, 30.5, 28.21, 34.34, 33.34, 32.63, 33.9, 26.58, 29.64, 24.85, 37.3, 32.76, 27.39, 35.12, 34.53, 30.71, 37.45, 33.42, 29.82, 30.33, 34.74, 33.93, 27.66, 33.01, 31.98, 34.76, 34.87, 35.86, 33.69, 33.97, 29.17, 35.17, 30.97, 39.38, 33.46, 28.93, 36.33, 35.0, 31.0, 35.74, 32.01, 33.12, 31.03, 38.21, 33.24, 26.22, 33.3, 29.2, 33.39, 30.38, 36.92, 33.09, 36.97, 31.03, 33.58, 30.31, 34.19, 30.88, 29.56, 31.71, 29.58, 32.17, 29.41, 27.71, 30.91, 27.17, 27.29, 27.52, 28.9, 29.27, 31.48, 32.6, 34.88, 32.69, 30.0, 31.81, 34.16, 38.26, 38.19, 30.75, 28.8, 29.91, 31.17, 29.13, 26.7, 30.35, 30.17, 30.0, 37.21, 30.55, 29.79, 29.38, 30.91, 33.9, 33.29, 36.26, 33.95, 35.44, 30.98, 38.0, 33.98, 28.32, 31.27, 30.64, 30.56, 33.45, 36.13, 35.96, 29.71, 33.28, 31.24, 38.16, 35.76, 31.2, 35.2, 29.02, 35.26, 34.04, 42.21, 37.0, 30.7, 29.3, 37.65, 37.16, 40.85, 31.24, 36.25, 38.76, 36.09, 35.34, 38.39, 33.33, 35.51, 33.05, 33.56, 36.27, 30.04, 35.74, 29.4, 33.31, 35.22, 31.07, 36.03, 30.17, 34.64, 32.65, 32.6, 39.3, 30.37, 31.25, 31.3, 31.84, 31.27, 31.12, 29.46, 27.44, 28.58, 28.01, 28.42, 28.68, 27.79, 27.01, 29.77, 25.47, 33.59, 33.08, 29.41, 32.39, 30.14, 29.89, 29.36, 31.99, 36.47, 30.07, 32.33, 31.74, 31.33, 33.01, 31.15, 29.54, 34.48, 34.64, 33.92, 34.78, 36.87, 32.54, 34.83, 31.3, 37.71, 35.26, 34.22, 35.76, 35.68, 41.2, 38.03, 39.09, 43.3, 39.18, 41.63, 44.08, 36.51, 37.6, 37.64, 37.11, 47.62, 46.79, 39.76, 39.41, 35.16, 31.79, 33.59, 29.57, 33.16, 31.36, 33.04, 31.27, 33.02, 32.6, 32.53, 31.48, 33.5, 29.06, 30.26, 31.91, 31.17, 37.86, 34.84, 29.63, 41.48, 33.1, 35.57, 34.61, 37.1, 34.21, 35.65, 37.24, 36.44, 34.21, 35.86, 33.04, 29.3, 33.34, 31.42, 28.67, 32.66, 27.78, 31.74, 29.91, 29.86, 29.27, 31.13, 30.24, 32.78, 35.28, 39.03, 30.62, 38.69, 35.53, 39.0, 38.73, 39.72, 34.83]
A0A178VEK7	123	293	DASSSSFNPKSSSSHRLKGKNVKPIRQSSQGFGLVEEEVTVSSSCSQMVPYSSDQVGDEVLRLPDLGVKLEHQPFAFGTDLVLAEYSDSQNDANQQAISPFSPESRELLARLDDPFYYDILGPADSSEPLFALPQPFFEPSPVPRRCRHVSKDEEADVFLDDFPADMFDQV	[64.46, 63.41, 61.52, 61.63, 60.86, 61.98, 57.31, 61.06, 57.62, 52.24, 56.12, 55.05, 52.95, 51.64, 53.5, 45.92, 55.66, 49.98, 44.17, 54.16, 49.93, 55.2, 63.78, 45.98, 50.35, 46.88, 49.68, 44.22, 46.26, 47.52, 41.31, 46.02, 41.44, 39.48, 48.41, 41.91, 51.1, 42.6, 52.58, 42.05, 52.14, 51.05, 56.98, 46.5, 38.94, 45.46, 44.54, 45.28, 45.49, 37.98, 39.17, 42.73, 36.57, 43.01, 44.85, 39.87, 38.11, 37.08, 43.76, 37.32, 41.04, 35.82, 43.15, 47.51, 41.36, 44.36, 37.3, 44.57, 44.9, 36.84, 37.58, 43.22, 43.15, 46.57, 38.79, 44.76, 35.15, 39.97, 36.63, 41.13, 37.66, 40.96, 38.52, 38.27, 34.84, 40.04, 38.37, 34.2, 39.71, 38.74, 37.56, 37.89, 40.84, 36.1, 43.81, 37.95, 41.22, 45.72, 48.73, 48.46, 50.05, 67.03, 63.91, 56.2, 65.37, 63.73, 66.05, 62.12, 58.05, 63.37, 63.13, 60.16, 61.49, 58.26, 60.9, 54.98, 53.75, 51.72, 54.93, 56.86, 44.18, 37.05, 42.82, 37.79, 37.43, 40.14, 46.16, 43.99, 41.47, 41.83, 44.33, 40.99, 37.85, 38.81, 47.84, 48.67, 44.06, 54.1, 41.55, 49.8, 45.68, 51.17, 51.87, 50.24, 49.61, 50.01, 38.38, 49.24, 44.54, 52.3, 39.08, 41.04, 49.53, 48.09, 47.77, 44.91, 54.67, 55.6, 56.23, 51.04, 55.97, 59.31, 58.76, 65.22, 62.66, 65.93, 65.01, 61.46, 66.13, 62.2, 69.69]
A0A178WF56	0	70	MAQYHQQHEMKQTMAETQYVTAPPPMGYPVMMKDSPQTVQPPHEGQSKGSGGFLRGCLAAMCCCCVLDCVF	[56.81, 55.75, 57.62, 56.91, 59.69, 63.41, 58.53, 54.94, 57.44, 55.22, 56.94, 56.44, 54.25, 51.31, 56.22, 56.09, 52.12, 55.56, 53.28, 56.53, 60.84, 62.81, 64.44, 62.03, 64.0, 60.09, 60.25, 52.41, 62.34, 62.97, 60.72, 58.34, 57.44, 55.44, 54.44, 51.0, 55.88, 56.34, 60.03, 62.88, 64.62, 57.94, 58.06, 59.28, 55.16, 59.88, 60.5, 59.12, 58.72, 57.16, 57.78, 56.84, 54.16, 58.72, 59.06, 63.84, 65.31, 63.81, 61.5, 63.38, 65.12, 63.91, 59.91, 61.25, 61.78, 60.19, 56.91, 55.09, 60.06, 59.59, 52.38]
A0A1I9LMX5	18	242	QTPITTEARSLRKTNDQDHFKAGFTDDFVPTSPGNSPGVGHKKGNVNVEGFQDDFKPTEGRKLLKTNVQDHFKTGSTDDFAPTSPGHSPGVGHKKGNVNVESSEDDFKHKEGRKLQQTNGQNHFKTGSTDDFAPTSPGNSPGIGHKKGHANVKGFKDDFAPTEEIRLQKMNGQDHFKTGSTDDFAPTTPGNSPGMGHKKGDDFKPTTPGHSPGVGHAVKNDEPKA	[64.54, 61.41, 67.58, 64.03, 61.82, 58.75, 67.41, 66.19, 67.07, 62.85, 57.88, 64.66, 59.58, 63.41, 59.68, 56.66, 53.53, 52.58, 47.12, 56.28, 49.22, 52.02, 46.58, 49.76, 49.0, 51.55, 56.59, 52.8, 51.42, 56.63, 47.0, 49.69, 54.94, 50.61, 47.41, 52.59, 54.17, 45.54, 56.27, 41.4, 45.77, 53.53, 52.37, 41.72, 43.79, 46.99, 45.07, 47.51, 43.99, 40.88, 44.88, 45.2, 46.99, 46.36, 47.35, 45.62, 47.91, 46.93, 45.73, 35.67, 42.47, 41.31, 39.16, 40.76, 41.93, 45.27, 43.2, 41.28, 39.54, 39.42, 39.47, 42.23, 47.13, 45.37, 43.94, 49.74, 51.08, 54.64, 62.79, 59.01, 58.81, 65.56, 55.66, 55.89, 67.04, 56.52, 49.37, 50.76, 59.56, 41.5, 61.47, 44.22, 52.74, 62.3, 58.44, 45.94, 40.89, 49.72, 41.81, 46.91, 39.91, 36.19, 43.09, 45.35, 39.06, 41.96, 43.68, 42.32, 41.28, 46.03, 43.05, 38.34, 41.67, 36.71, 37.76, 39.59, 41.96, 45.87, 46.95, 39.93, 49.03, 45.66, 39.33, 41.93, 47.85, 45.23, 45.96, 51.94, 53.06, 54.41, 62.32, 56.03, 56.93, 64.32, 55.89, 57.25, 61.21, 53.12, 53.88, 50.56, 60.62, 45.75, 58.81, 43.2, 46.74, 58.06, 57.03, 45.31, 43.73, 49.34, 47.67, 53.94, 43.41, 42.71, 53.95, 56.02, 59.78, 53.08, 51.84, 47.05, 54.08, 47.34, 48.73, 46.16, 45.26, 38.3, 37.95, 44.87, 40.51, 39.58, 45.68, 38.79, 43.52, 42.55, 42.01, 45.81, 50.05, 46.1, 45.39, 50.7, 49.8, 52.93, 58.23, 51.44, 56.39, 62.41, 54.81, 57.27, 63.91, 51.32, 49.0, 52.03, 57.54, 49.01, 53.88, 45.83, 49.8, 52.67, 53.98, 52.87, 55.45, 56.33, 59.49, 62.5, 68.16, 60.47, 59.11, 67.27, 58.79, 50.56, 53.65, 64.33, 51.63, 65.88, 51.98, 62.4, 65.31, 63.66, 68.15, 66.25, 65.36, 53.74, 55.49, 55.99, 58.25]
A0A1I9LN01	0	16	MTGWYEFPVMIGFVSAA	[40.87, 37.58, 35.22, 39.36, 40.06, 33.09, 38.85, 39.94, 38.81, 35.96, 39.28, 42.5, 45.37, 49.75, 60.31, 63.36, 68.8]
A0A1I9LN01	21	44	ISVAYLPLLNDLYWSTLKSLTPPA	[69.63, 64.95, 69.68, 66.08, 57.87, 57.79, 53.74, 54.85, 55.1, 56.94, 54.92, 54.37, 55.84, 53.29, 51.91, 50.78, 49.23, 49.65, 48.2, 46.2, 44.9, 41.43, 50.03, 60.25]
A0A1P8AQ95	0	16	MTKNMTKKKMGLMSPNI	[53.73, 46.02, 63.17, 60.47, 65.76, 61.75, 63.05, 64.21, 64.12, 63.24, 57.53, 58.54, 60.35, 60.75, 63.54, 68.78, 68.35]
A0A1P8AQ95	33	96	QVEVVESTGRKLSWAFNGAPIVFTPPSSSCGGSPAAVMASEWMPRRPCRRTRPPGTNIPVSQSP	[61.99, 54.39, 54.52, 49.66, 49.39, 50.92, 49.24, 50.65, 50.91, 48.76, 47.36, 49.12, 47.08, 46.71, 49.19, 49.13, 45.48, 49.13, 48.15, 46.72, 53.67, 49.64, 49.2, 50.33, 48.22, 49.31, 43.2, 44.84, 42.99, 43.2, 43.12, 44.56, 43.61, 50.0, 45.99, 49.4, 47.05, 48.83, 49.68, 52.05, 51.83, 46.99, 51.9, 50.49, 50.99, 54.51, 53.07, 49.68, 48.38, 46.57, 46.24, 51.54, 48.11, 43.93, 49.71, 45.33, 45.75, 49.83, 49.88, 52.28, 52.88, 50.03, 39.74, 56.31]
A0A1P8ASY1	0	130	MPPRKKPKSSALKSNKQSSANHSSQPSTFGIQQLFLRHIQNSQSTSNSHTSTADPVDQQNVNGLASDTAVLTPQNPLGTSNEKPDESKDMDQQLTEASPKISKNLKRFSPGMLIKQSQDDCGGEITWKISP	[26.06, 32.16, 34.99, 30.77, 28.15, 26.87, 29.56, 27.57, 24.82, 26.79, 25.57, 22.37, 23.18, 21.74, 21.55, 25.05, 20.19, 23.25, 21.82, 25.92, 22.62, 26.76, 25.96, 28.37, 29.32, 39.34, 39.5, 40.03, 48.19, 48.62, 54.32, 52.39, 53.55, 55.84, 58.55, 54.95, 58.25, 56.28, 56.36, 51.03, 49.11, 49.57, 42.33, 40.52, 38.61, 31.19, 25.48, 26.09, 24.24, 22.56, 23.69, 20.96, 22.48, 21.98, 22.38, 21.83, 21.34, 18.77, 20.85, 20.22, 23.94, 18.75, 22.38, 19.05, 22.88, 19.02, 20.59, 21.31, 19.96, 19.65, 21.39, 17.91, 22.98, 18.21, 21.0, 22.45, 18.45, 21.96, 16.73, 18.87, 19.63, 17.31, 19.83, 32.55, 18.17, 23.14, 18.26, 22.89, 19.92, 22.55, 20.24, 20.42, 22.4, 19.86, 18.97, 21.11, 21.18, 18.07, 26.13, 21.56, 20.87, 22.06, 21.6, 23.92, 22.44, 23.79, 22.82, 22.51, 25.36, 27.45, 25.99, 24.28, 24.88, 26.56, 21.0, 26.66, 25.28, 21.75, 28.93, 24.22, 25.43, 27.24, 26.38, 27.39, 30.48, 31.86, 46.46, 43.89, 51.54, 58.42, 64.52]
A0A1P8ASY1	141	325	NIPKMMDLTENSLGVKSSTIRPCSLNKLVQKQCPTSGITSKVEQWLSSPSKKASKRPAFATNRVMERVNPSPDAEFEIVNTSSSGNSPFQTPPSLSCPHNKLPCTVTCSGACGSMGAGQHKKALLELLDQVEDVIAVDDKTTDDVGIVMPQARVKDDIISSVVDCAVDEGPVSLPKMQNSINPDS	[66.63, 62.31, 58.66, 54.21, 47.9, 48.79, 47.33, 36.84, 35.25, 33.86, 27.98, 29.6, 27.75, 23.51, 25.23, 21.31, 23.38, 23.35, 21.3, 23.12, 19.39, 24.56, 20.02, 22.01, 25.75, 22.4, 20.19, 24.56, 23.92, 19.97, 23.05, 19.35, 20.48, 25.9, 21.51, 25.22, 21.81, 25.02, 22.14, 22.84, 23.82, 24.8, 23.97, 22.38, 19.46, 21.81, 22.54, 21.92, 22.95, 19.62, 20.09, 19.81, 20.41, 19.56, 20.91, 18.04, 21.33, 17.56, 21.2, 20.12, 19.67, 20.26, 21.45, 17.05, 19.32, 18.47, 16.97, 20.24, 17.74, 21.4, 20.19, 30.13, 21.63, 20.91, 20.91, 19.96, 20.3, 20.64, 20.92, 22.2, 21.23, 23.56, 24.67, 26.31, 26.27, 25.62, 27.93, 30.74, 26.96, 24.51, 26.08, 26.33, 24.49, 27.4, 26.79, 21.42, 23.75, 23.41, 26.55, 25.25, 22.66, 24.28, 23.97, 21.18, 18.76, 24.36, 19.74, 23.22, 21.18, 25.5, 24.21, 25.61, 25.19, 30.98, 31.83, 33.85, 35.98, 39.61, 46.32, 43.02, 53.1, 57.69, 52.2, 52.64, 53.02, 55.54, 46.33, 47.45, 46.8, 36.88, 34.58, 29.81, 33.27, 32.79, 29.06, 30.04, 32.51, 31.27, 26.7, 31.11, 26.44, 27.68, 26.28, 21.58, 26.73, 20.88, 23.55, 17.83, 22.03, 21.53, 17.18, 21.04, 17.06, 22.12, 18.88, 19.12, 22.74, 20.86, 20.5, 19.91, 20.99, 27.69, 24.37, 20.95, 23.24, 23.54, 26.46, 22.55, 26.39, 22.46, 28.32, 25.43, 22.82, 24.97, 25.71, 22.82, 26.0, 23.31, 23.05, 23.97, 28.5, 35.9, 39.81, 54.91, 64.43]
A0A1P8ASY1	725	743	LLRKDIAHPHGSKGSHSAS	[69.66, 61.12, 58.77, 55.62, 49.8, 49.0, 44.52, 46.76, 44.89, 41.58, 36.11, 33.35, 32.23, 37.43, 35.17, 39.94, 44.49, 53.33, 62.92]
A0A1P8ASY1	775	802	KSSESRERVTSEDMIRTGNLATDDLDCK	[68.09, 46.69, 33.32, 31.19, 29.5, 26.23, 29.6, 28.5, 28.1, 29.03, 37.25, 32.51, 28.26, 27.21, 30.19, 26.34, 27.14, 26.82, 27.18, 27.51, 33.06, 36.69, 40.28, 45.17, 51.27, 48.85, 58.85, 63.38]
A0A1P8AW69	303	848	GAVSEDKNECMVKRFSVLNDQSERMGSGPRGSVSPDYETREIKNIYVDCGNLNVAQNPGSLKATLPLESGKVATMVSEKQNAAYFGPAGDKYSSTSRDSDSGEESSYSERESIPFSRTKSGMLLRPAHVRKTLAKFEESKQSAVVQSATRKKSGLAVEEEPQTQNAFLSEQNASKPFDAEDSIIKGITNKFEKALSSEPPTDEANRMFLKPPRIHRSSNSKYNDTRRAMSADPATFGKGGMENSGDVEDIPSKTERVLSREKPGDEQKNTEYPSGSRELNPVKIVEGVNVVSGRTRSLVEKFERGEKTTHTEGASTTIEQNNNAVQEDPRKTSRQTGETPVISTRRARSTPARVMPIVLNRDSNVTSDEPPLTQPARTSSFPVMPVILNQASNVTYDEPSVALTQESRTSHARILPVTFNQATNITSEEASVTLRRQRRNSAARVRPVLLSQATSHECPVTSVRPLRTSPARVMPTKLNQSVNMTSDTSHIASMHRVSPTQMLATPTVIDQVADMTLDETHATQIQPACDNMPQKEEPNISDREDD	[63.88, 49.75, 43.93, 32.57, 31.46, 33.88, 33.89, 33.63, 35.07, 30.46, 34.43, 35.59, 35.2, 32.63, 32.73, 32.46, 34.76, 32.97, 30.43, 33.38, 32.62, 32.67, 34.21, 32.0, 31.51, 34.08, 36.99, 36.25, 41.9, 35.62, 34.87, 34.18, 37.66, 32.68, 40.91, 35.68, 35.04, 34.1, 36.24, 37.8, 30.59, 36.45, 30.84, 38.26, 38.96, 30.75, 38.15, 28.34, 36.14, 32.79, 28.02, 31.05, 26.99, 30.99, 27.76, 32.82, 30.46, 30.25, 30.98, 28.01, 31.1, 26.71, 31.17, 29.62, 31.21, 33.49, 33.2, 33.9, 34.69, 35.19, 34.83, 32.71, 31.4, 27.61, 26.65, 31.86, 27.57, 28.96, 26.36, 27.23, 29.46, 26.71, 27.96, 32.4, 30.19, 29.93, 35.41, 33.39, 33.22, 36.49, 35.18, 35.8, 30.44, 33.59, 31.57, 31.83, 35.91, 34.86, 38.09, 36.5, 33.82, 37.71, 34.01, 32.25, 32.65, 28.94, 31.22, 27.6, 29.49, 27.25, 29.2, 25.66, 33.96, 36.21, 28.21, 39.71, 32.69, 39.03, 38.88, 29.16, 35.76, 38.2, 32.31, 34.86, 30.51, 32.15, 34.29, 33.83, 30.38, 30.34, 29.82, 28.59, 27.55, 28.53, 28.42, 31.64, 27.88, 28.45, 29.68, 29.06, 27.73, 26.07, 27.6, 26.12, 30.87, 28.24, 26.24, 28.74, 27.73, 28.61, 29.86, 34.15, 33.34, 33.85, 34.04, 27.39, 36.32, 27.8, 33.33, 26.37, 33.4, 26.09, 24.76, 27.54, 28.2, 28.3, 26.17, 32.2, 28.8, 31.11, 27.99, 30.11, 26.05, 29.51, 29.65, 33.64, 29.23, 26.9, 32.17, 33.36, 30.41, 30.89, 36.18, 33.94, 27.37, 31.27, 32.82, 29.02, 28.86, 32.36, 31.33, 31.89, 29.47, 31.5, 30.52, 28.73, 32.21, 32.15, 36.75, 33.12, 33.98, 36.1, 34.73, 35.47, 36.8, 35.12, 34.67, 33.54, 33.11, 30.04, 36.5, 37.36, 30.16, 36.73, 34.93, 30.2, 35.81, 36.43, 33.76, 36.53, 37.02, 34.52, 34.11, 36.81, 37.47, 32.05, 32.27, 31.32, 34.3, 28.98, 35.08, 30.04, 35.33, 31.03, 27.1, 30.07, 32.56, 34.62, 31.04, 32.0, 36.76, 36.02, 35.27, 34.63, 36.88, 34.22, 37.72, 34.04, 32.34, 34.22, 35.61, 31.42, 33.8, 30.94, 30.78, 32.52, 30.7, 29.56, 29.34, 27.31, 28.59, 34.81, 33.49, 31.17, 28.87, 32.17, 27.6, 33.43, 24.18, 31.43, 28.94, 28.51, 32.48, 25.89, 26.66, 26.37, 28.05, 27.61, 33.73, 34.54, 33.82, 36.08, 36.86, 39.37, 36.63, 36.97, 47.66, 28.09, 34.98, 35.37, 33.74, 37.52, 33.22, 33.64, 34.61, 38.88, 37.94, 39.57, 40.53, 41.61, 42.77, 37.72, 47.96, 37.41, 31.97, 33.44, 30.27, 30.12, 28.91, 30.82, 28.46, 26.82, 30.02, 28.31, 29.28, 29.61, 29.16, 34.08, 29.85, 36.07, 33.33, 34.18, 33.0, 31.6, 31.9, 34.12, 32.55, 35.92, 39.33, 32.28, 33.67, 32.47, 33.65, 33.48, 37.03, 32.99, 34.58, 37.36, 34.9, 36.98, 32.16, 34.78, 30.68, 31.51, 31.03, 31.34, 34.5, 29.47, 35.35, 38.41, 32.02, 35.45, 33.41, 31.8, 30.9, 30.69, 33.44, 35.23, 32.92, 31.71, 34.27, 34.91, 36.53, 34.02, 36.36, 32.65, 37.7, 36.62, 36.72, 42.86, 41.35, 38.01, 36.88, 33.45, 38.2, 37.74, 37.65, 37.76, 37.3, 38.5, 38.68, 37.51, 34.39, 31.05, 36.33, 34.34, 28.25, 30.26, 31.19, 31.66, 29.61, 34.1, 30.56, 35.5, 29.65, 36.06, 31.97, 35.1, 37.8, 29.34, 39.15, 30.82, 32.75, 30.11, 31.19, 30.05, 28.87, 32.41, 33.7, 30.57, 31.22, 34.01, 29.89, 34.76, 31.26, 31.66, 35.06, 30.3, 31.68, 30.88, 34.71, 29.01, 34.71, 29.55, 36.07, 26.92, 32.82, 30.58, 33.08, 31.84, 29.13, 33.35, 30.47, 32.18, 30.58, 32.94, 34.05, 33.48, 34.14, 34.46, 35.85, 36.8, 37.63, 33.15, 37.54, 32.11, 34.22, 36.45, 30.39, 34.5, 34.07, 31.92, 32.35, 32.49, 32.96, 34.37, 29.97, 33.88, 32.69, 32.66, 31.65, 32.15, 35.81, 33.28, 35.96, 33.39, 32.13, 36.36, 30.07, 40.73, 35.04, 34.81, 35.06, 28.72, 42.57, 28.12, 33.97, 30.05, 28.8, 33.56, 27.68, 33.75, 26.42, 33.89, 28.72, 29.82, 32.83, 31.01, 35.3, 34.74, 33.23, 30.55, 32.68, 31.69, 32.93, 28.09, 34.35, 25.05, 36.49, 33.19, 31.92, 30.76, 26.57, 32.2, 31.29, 29.89, 32.69, 30.27, 33.39, 28.29, 32.09, 26.59, 33.33, 27.52, 33.26, 29.73, 34.9, 30.8, 34.75, 33.59, 34.55, 28.43, 33.32, 31.25, 34.66, 28.91, 37.18, 31.75, 31.22, 33.73, 36.21, 31.03, 37.02, 36.07, 32.45, 31.92, 30.02, 39.18, 36.36, 38.96, 33.23, 42.9, 44.04, 52.83, 57.74, 67.81]
A0A2H1ZEF6	0	83	MSPEEYVRVWPDSGDLGGTELTLALPGTPTNASEGPKKFGNKRRFLETVDLKLGEAHENNYISSMVTNDQLVGWPPVATARKTV	[43.16, 48.78, 51.47, 60.78, 52.53, 48.5, 55.22, 57.91, 47.59, 50.41, 52.38, 48.72, 58.41, 53.16, 58.31, 59.06, 55.56, 56.69, 55.56, 60.03, 59.88, 62.62, 63.0, 68.31, 61.31, 53.75, 59.5, 53.25, 55.59, 46.44, 44.88, 45.59, 48.09, 46.84, 42.28, 40.25, 56.75, 50.12, 48.78, 46.44, 52.34, 54.12, 59.62, 55.16, 53.16, 51.41, 42.66, 52.81, 55.09, 54.16, 47.97, 47.97, 45.06, 39.97, 42.66, 43.72, 36.94, 47.16, 39.91, 60.72, 40.19, 55.91, 42.59, 52.09, 40.69, 49.38, 42.22, 50.12, 52.03, 55.06, 50.47, 61.56, 68.25, 60.44, 60.25, 68.38, 66.44, 63.09, 57.66, 62.25, 61.81, 60.91, 60.78, 68.56]
A0A5S9YBA4	0	24	MRRVTGLAARTISSSVAINSRLTQS	[41.31, 43.5, 35.53, 33.72, 34.19, 32.28, 28.5, 29.36, 25.0, 26.81, 23.69, 23.38, 24.66, 23.44, 26.16, 24.66, 27.11, 26.2, 30.61, 29.38, 36.25, 38.59, 48.69, 57.25, 57.56]
A0A5S9YBA4	26	81	AITTISSSEPISRRFGGLPEIKTPSFAGGVAGVVFFSAAAVSSLGQEVHAKEMAQK	[66.88, 66.88, 68.25, 65.69, 60.5, 54.94, 47.47, 41.53, 35.47, 29.92, 27.86, 31.28, 27.98, 31.92, 27.08, 23.98, 24.94, 24.45, 29.84, 26.61, 26.95, 22.64, 24.94, 27.88, 22.95, 24.91, 25.14, 24.69, 22.75, 25.02, 24.77, 22.77, 22.41, 24.2, 22.5, 23.92, 25.7, 26.14, 26.2, 24.64, 29.14, 26.33, 26.45, 26.55, 24.27, 23.98, 26.27, 29.55, 25.83, 26.23, 25.91, 31.28, 28.64, 32.12, 41.19, 55.28]
A0A5S9YBA4	296	330	VVEGSRNTLERNTETNATEAKVEGKGTIKLPPNVT	[66.75, 58.66, 47.16, 43.28, 34.94, 29.77, 31.88, 25.47, 31.67, 28.03, 26.44, 27.31, 29.97, 29.16, 28.33, 26.05, 30.31, 26.47, 32.38, 23.81, 22.64, 33.62, 24.73, 37.91, 33.06, 31.55, 35.66, 50.72, 47.25, 53.28, 60.0, 49.38, 56.81, 62.09, 66.12]
A0A5S9YBA4	417	433	GSGYDPLTAKLVALYGL	[68.94, 66.31, 58.09, 52.06, 48.06, 51.97, 44.19, 48.72, 52.06, 57.28, 58.0, 57.75, 63.0, 64.38, 67.69, 65.62, 65.69]
A0JQ18	25	55	VGLGEAKRNLRNNLRLDCVSHPSPPPPHRSM	[64.05, 58.82, 54.33, 56.78, 57.52, 57.13, 59.77, 59.57, 57.1, 59.49, 59.13, 56.99, 56.01, 53.86, 52.98, 51.59, 53.28, 55.68, 55.07, 52.7, 55.97, 58.91, 64.7, 65.74, 68.93, 67.99, 66.25, 64.4, 61.39, 59.26, 64.89]
A0MES8	3	43	LASQHQHNHLEDNNQTLTHNNPQSDSTTDSSTSSAQRKRKG	[52.94, 68.38, 65.84, 51.01, 64.03, 51.42, 65.33, 48.13, 60.49, 62.08, 46.1, 64.45, 54.64, 49.07, 54.16, 46.18, 52.07, 47.02, 58.82, 52.89, 45.83, 54.15, 46.1, 54.74, 49.0, 52.66, 50.4, 54.97, 50.44, 50.94, 55.33, 48.32, 56.16, 53.9, 59.53, 58.58, 58.91, 62.66, 62.76, 65.44, 67.24]
A0MES8	111	327	PSSPSSVSSSSSSVSAASSPSTSSSSTQTLRPLLPRPAAATVGGGANFGPYGIPFNNNIFLNGGTSMLCPSYGFFPQQQQQQNQMVQMGQFQHQQYQNLHSNTNNNKISDIELTDVPVTNSTSFHHEVALGQEQGGSGCNNNSSMEDLNSLAGSVGSSLSITHPPPLVDPVCSMGLDPGYMVGDGSSTIWPFGGEEEYSHNWGSIWDFIDPILGEFY	[67.06, 56.81, 43.08, 51.9, 36.24, 41.32, 48.14, 43.12, 38.66, 43.92, 40.64, 43.34, 43.22, 54.7, 49.8, 42.0, 43.12, 51.44, 49.2, 47.59, 46.62, 41.59, 48.27, 42.6, 48.7, 44.78, 44.73, 50.17, 38.77, 47.86, 52.41, 51.43, 46.2, 47.84, 53.45, 47.68, 47.36, 47.48, 37.36, 45.35, 34.44, 41.72, 37.62, 36.85, 38.62, 50.07, 48.25, 50.7, 47.35, 49.42, 52.06, 46.66, 48.72, 51.56, 47.28, 41.46, 42.86, 44.73, 48.97, 43.48, 47.98, 37.34, 40.16, 40.87, 48.01, 40.21, 50.4, 44.97, 49.68, 48.64, 39.23, 47.36, 47.91, 46.49, 49.72, 47.63, 49.55, 47.1, 51.45, 51.74, 51.74, 52.05, 52.75, 51.56, 45.18, 54.48, 52.81, 49.58, 51.14, 51.66, 49.97, 51.44, 48.74, 48.88, 49.27, 41.46, 48.29, 45.85, 42.18, 41.71, 38.16, 35.33, 44.72, 43.95, 40.93, 44.21, 42.41, 42.89, 51.32, 45.2, 52.55, 41.43, 42.71, 46.01, 43.46, 50.41, 47.58, 40.65, 46.17, 34.42, 38.46, 44.88, 36.17, 47.24, 41.25, 44.17, 39.54, 38.81, 45.61, 40.93, 44.27, 42.24, 42.51, 41.11, 37.48, 38.81, 43.46, 37.33, 35.23, 32.95, 41.69, 34.61, 44.86, 33.66, 46.2, 43.81, 51.75, 47.49, 43.87, 53.71, 52.0, 46.76, 41.64, 46.45, 42.66, 40.5, 49.07, 42.19, 44.06, 45.53, 39.27, 40.17, 45.76, 56.64, 56.23, 53.64, 43.67, 57.51, 41.2, 51.68, 43.58, 49.88, 51.55, 45.62, 45.42, 53.54, 53.02, 52.75, 44.26, 52.37, 49.44, 54.7, 44.48, 44.06, 44.73, 49.53, 49.91, 54.24, 54.15, 50.59, 50.1, 45.89, 43.03, 42.92, 43.93, 49.3, 41.39, 43.6, 44.03, 49.48, 42.07, 43.28, 42.96, 48.2, 49.58, 51.46, 52.13, 46.66, 49.97, 46.46, 43.04, 49.74, 44.31, 40.82, 45.69, 49.72, 44.46]
A0SVK0	262	290	MVDTEVIFDACTTVNSGPRPTETTNNERN	[64.61, 67.83, 60.81, 58.04, 55.79, 59.4, 53.94, 48.16, 52.45, 52.34, 50.32, 51.49, 50.4, 49.73, 42.0, 44.55, 38.72, 41.45, 36.75, 39.25, 37.62, 39.92, 41.19, 37.51, 40.98, 35.47, 39.78, 33.14, 39.82]
A1A6H3	0	65	MMKGISSVSQSINYNPYIEFNRPQLQISTVNPNPAQSRFSRPRSLRVLSLSADPSANRNPKSAVDA	[35.35, 37.03, 34.17, 33.32, 41.99, 33.26, 37.49, 34.29, 35.02, 35.82, 31.86, 36.85, 34.96, 35.55, 39.0, 48.06, 39.59, 42.63, 38.32, 40.72, 40.19, 39.23, 44.55, 34.67, 38.17, 34.75, 38.6, 37.39, 33.02, 39.02, 40.23, 41.88, 41.81, 39.26, 43.66, 35.6, 38.1, 34.07, 40.8, 40.73, 39.53, 37.19, 42.49, 37.27, 38.19, 37.83, 33.67, 35.72, 32.46, 39.28, 35.3, 41.84, 42.47, 34.58, 35.85, 38.06, 34.63, 36.12, 33.43, 34.66, 39.47, 42.94, 52.47, 61.56, 67.85, 67.49]
A1A6M1	0	45	MASSSLPLSLPFPLRSLTSTTRSLPFQCSPLFFSIPSSIVCFSTQN	[42.05, 38.89, 44.56, 45.23, 36.42, 41.92, 40.91, 41.99, 37.23, 35.85, 39.91, 35.78, 39.77, 32.69, 36.21, 31.98, 36.63, 31.22, 38.99, 33.35, 31.22, 35.98, 32.41, 34.68, 39.69, 37.63, 30.69, 36.61, 37.38, 42.89, 36.11, 39.36, 36.59, 35.24, 40.97, 41.9, 42.88, 43.37, 49.12, 43.09, 44.63, 40.41, 51.14, 50.34, 57.75, 65.77]
A1A6M1	124	174	NRISESGLSATPMVLESTREQIVEEVEEEEKRVIIAEEKVRVSEPVKKIKR	[64.41, 62.02, 47.34, 51.91, 47.74, 45.22, 37.44, 36.3, 40.16, 38.48, 40.93, 43.88, 39.74, 44.3, 43.72, 40.1, 36.98, 37.8, 35.61, 38.19, 37.01, 36.55, 37.23, 35.76, 31.35, 36.48, 33.25, 34.02, 34.42, 33.39, 40.38, 27.6, 38.44, 38.18, 39.76, 39.7, 32.44, 39.15, 28.31, 40.02, 42.6, 33.75, 44.23, 41.53, 41.0, 44.05, 48.77, 48.82, 56.65, 56.84, 67.62]
A1A6M1	245	295	EDVETDKDEASTMKKEEAGNGAVFTSVTQVPEKKQSIVKDQSDREVDVTQN	[69.66, 62.14, 60.26, 53.44, 51.47, 47.85, 49.12, 42.27, 37.43, 40.5, 36.77, 27.79, 27.74, 25.42, 27.43, 28.55, 25.54, 30.02, 27.09, 30.96, 26.08, 27.2, 31.95, 25.27, 35.48, 30.55, 30.35, 33.35, 25.99, 32.88, 28.36, 28.05, 26.89, 26.07, 27.92, 26.97, 26.29, 29.65, 30.9, 31.63, 31.39, 31.36, 34.8, 36.01, 37.5, 39.82, 42.32, 47.45, 48.87, 55.57, 65.13]
A1A6M1	307	327	DPSRLIGRNKPVDRSESTNTK	[66.68, 65.89, 63.73, 57.83, 53.71, 55.1, 52.04, 55.71, 43.53, 42.2, 42.42, 41.24, 39.82, 37.27, 36.59, 38.82, 40.78, 45.16, 48.5, 53.15, 68.34]
A1YKT1	0	141	MNNNIFSTTTTINDDYMLFPYNDHYSSQPLLPFSPSSSINDILIHSTSNTSNNHLDHHHQFQQPSPFSHFEFAPDCALLTSFHPENNGHDDNQTIPNDNHHPSLHFPLNNTIVEQPTEPSETINLIEDSQRISTSQDPKMKK	[46.71, 53.67, 45.9, 55.36, 46.99, 57.74, 37.16, 53.87, 50.62, 44.05, 49.97, 51.74, 52.18, 48.6, 56.82, 48.08, 59.03, 51.63, 49.74, 64.32, 44.77, 45.85, 41.58, 49.35, 46.86, 41.26, 46.28, 48.48, 53.57, 45.81, 54.96, 50.99, 44.58, 50.52, 39.06, 47.46, 36.27, 48.09, 41.55, 41.28, 44.52, 37.95, 44.21, 38.26, 47.25, 32.33, 39.03, 40.31, 32.73, 41.55, 39.08, 45.77, 40.52, 46.58, 41.07, 49.69, 43.67, 48.44, 43.01, 43.86, 43.64, 39.0, 47.0, 45.93, 52.53, 51.22, 50.35, 46.33, 43.04, 42.46, 41.65, 42.84, 49.63, 54.4, 38.11, 43.61, 37.24, 39.21, 35.99, 35.24, 34.87, 39.98, 39.43, 43.09, 37.71, 45.47, 42.69, 34.94, 50.66, 42.24, 52.38, 42.2, 46.16, 41.71, 44.5, 46.01, 41.44, 45.56, 45.93, 50.07, 45.81, 45.1, 40.54, 43.47, 44.72, 48.88, 37.97, 34.28, 42.71, 39.31, 36.46, 44.56, 42.82, 43.06, 40.18, 43.59, 38.29, 39.94, 43.05, 38.5, 42.8, 36.71, 49.33, 40.07, 44.43, 51.31, 46.99, 46.57, 48.12, 56.34, 47.01, 50.64, 47.18, 46.71, 48.28, 51.54, 51.66, 47.8, 53.0, 58.36, 62.85, 66.01]
A1YKT1	211	285	HHGCFSSGDESHIRPVLGSMDTSSDLCELASMWTVDDRGSNTNTTETRGNKVDGRSMRGKRKRPEPRTPILKKLS	[62.08, 57.39, 50.94, 43.58, 47.42, 53.4, 51.79, 47.81, 49.82, 43.25, 48.08, 41.74, 49.16, 43.8, 48.14, 43.39, 41.56, 44.42, 43.56, 56.14, 42.55, 52.74, 58.41, 59.92, 57.63, 54.31, 55.39, 57.78, 56.27, 57.87, 60.28, 63.84, 59.73, 53.48, 53.37, 51.56, 47.39, 47.74, 39.5, 39.06, 40.02, 43.46, 38.14, 40.71, 38.98, 46.38, 40.38, 43.68, 42.17, 47.25, 42.73, 54.1, 42.0, 44.82, 43.37, 40.89, 52.39, 44.72, 42.95, 44.92, 55.34, 52.9, 48.17, 49.77, 57.5, 45.37, 47.0, 51.97, 50.07, 49.98, 53.85, 56.87, 55.36, 58.47, 67.28]
A1YKT1	310	364	GRSQLVKVVEEDAHDHGEIIKNNNRSQVNRSSFEMTHCEDKIEELCKNDRFAVCN	[63.79, 57.58, 52.34, 49.0, 42.24, 39.42, 44.97, 39.29, 43.55, 37.76, 45.96, 41.2, 45.78, 47.05, 48.01, 48.47, 37.8, 43.12, 38.3, 46.83, 45.4, 46.03, 37.58, 43.34, 35.03, 38.2, 36.87, 41.62, 32.12, 35.63, 36.21, 38.1, 38.64, 38.14, 34.88, 40.57, 35.11, 36.01, 45.28, 50.69, 53.88, 51.14, 54.01, 54.0, 49.95, 50.26, 57.66, 55.84, 62.42, 67.91, 61.85, 65.75, 61.27, 57.71, 65.63]
A1YKT1	368	432	MNKKDHISNESYDLVNYKPNSSFPVINHHRSQGAANSIEQHQFTDLHYSFGAKPRDLMHNYQNMY	[67.46, 59.94, 64.62, 63.68, 49.27, 42.78, 44.24, 46.34, 48.1, 48.49, 46.73, 44.46, 49.7, 48.65, 47.77, 45.93, 43.19, 46.73, 37.43, 35.89, 41.27, 43.29, 37.45, 45.63, 41.47, 42.9, 40.61, 42.51, 44.87, 36.02, 42.89, 43.45, 40.87, 41.98, 45.04, 41.8, 43.52, 46.43, 43.51, 43.4, 41.16, 46.1, 40.11, 45.2, 39.64, 44.29, 45.29, 40.22, 43.49, 44.1, 40.3, 43.08, 47.05, 47.2, 47.57, 46.56, 50.15, 47.75, 57.05, 49.51, 53.71, 56.38, 50.46, 52.27, 51.35]
A2RVJ8	0	142	MKKGAKRKGVSKAGRKAAVAETQNDEVIEETTKTTQEESQQHEEEVVDEVKENGEEEEAKGDQEEEEDAKPDSLEEDEENQEDEVKAEEVKEEVEKKPVARRGGKRKRATKKDTEIKDEKKPVPKAKKPRAAKVKEEPVYFEE	[41.04, 44.29, 44.54, 39.53, 45.79, 46.42, 39.26, 42.19, 39.78, 37.49, 40.83, 38.47, 40.71, 38.4, 39.81, 39.08, 35.72, 38.24, 37.31, 37.21, 36.95, 35.85, 40.14, 32.97, 40.7, 38.13, 36.63, 40.9, 39.26, 40.7, 34.42, 36.45, 30.52, 34.24, 35.2, 34.28, 37.62, 37.9, 38.48, 38.26, 37.6, 38.27, 36.59, 38.43, 36.35, 37.22, 38.38, 34.32, 38.21, 38.29, 38.02, 37.75, 35.0, 36.12, 39.28, 35.41, 40.33, 35.47, 40.95, 38.63, 35.7, 37.9, 36.0, 41.48, 36.03, 40.44, 38.05, 34.79, 37.68, 39.25, 40.96, 36.86, 37.31, 38.96, 38.51, 38.42, 35.11, 34.43, 37.65, 32.13, 36.22, 33.86, 38.17, 35.61, 34.89, 35.04, 30.95, 35.42, 30.15, 35.9, 32.65, 33.48, 33.38, 34.83, 33.9, 34.85, 35.73, 34.47, 33.75, 31.45, 31.85, 34.39, 30.47, 35.43, 35.48, 35.54, 38.19, 29.54, 37.38, 31.45, 41.94, 34.63, 38.03, 36.13, 36.46, 42.96, 39.88, 38.45, 36.64, 41.69, 38.64, 41.96, 49.4, 36.72, 43.34, 42.36, 37.58, 48.57, 39.73, 33.13, 44.46, 42.55, 45.08, 43.07, 40.75, 48.92, 40.78, 43.78, 41.1, 41.53, 48.05, 58.07, 56.99]
A2RVK7	12	32	SPKIVGRSRLPIFKDSDLDWS	[59.31, 63.7, 53.09, 51.23, 46.72, 40.75, 43.45, 38.73, 44.09, 44.58, 45.85, 55.07, 47.84, 45.29, 41.52, 44.11, 45.06, 47.25, 54.6, 59.03, 66.05]
A2RVM0	239	255	YFNPYLAVAVGAVAKYI	[67.04, 65.71, 63.14, 61.42, 58.49, 61.04, 59.97, 58.22, 53.94, 54.88, 53.4, 48.76, 48.37, 53.56, 49.4, 48.5, 62.26]
A2RVU1	16	55	AEFQKAKALLRAQVFLKGKDLKWDGESCYLPENRAFGLGI	[65.15, 65.72, 66.04, 64.59, 62.54, 60.78, 61.1, 60.94, 62.73, 60.79, 61.48, 60.2, 61.04, 62.8, 59.15, 56.48, 56.51, 55.77, 53.43, 47.1, 46.52, 38.86, 42.41, 45.55, 52.49, 52.65, 51.55, 53.05, 49.81, 52.81, 52.68, 53.95, 56.81, 59.5, 58.89, 62.81, 65.48, 66.02, 65.01, 68.78]
A2RVU1	70	89	VVICRGFTKTDKTRTTIFCI	[68.47, 69.92, 65.78, 65.12, 65.38, 62.74, 59.56, 57.65, 58.54, 55.87, 55.66, 58.7, 59.04, 59.09, 60.56, 64.93, 67.72, 64.75, 63.36, 68.93]
A2RVU1	108	139	VGASMNREQIYGKGWLNRECYLVKDGVFAASG	[68.19, 63.69, 64.82, 61.83, 56.66, 56.72, 55.52, 53.34, 53.61, 49.15, 48.52, 50.92, 46.89, 56.17, 48.39, 53.5, 55.11, 51.62, 50.21, 54.24, 52.63, 54.83, 56.05, 59.26, 60.84, 61.72, 66.24, 63.76, 65.62, 69.13, 66.09, 67.57]
A2RVU1	151	174	GAFAFKVKPSLQVENHDKRHTQNV	[69.83, 66.02, 67.0, 66.49, 62.56, 56.11, 55.08, 48.03, 51.54, 47.59, 48.36, 49.63, 51.5, 51.65, 52.3, 53.14, 51.58, 53.8, 55.71, 57.22, 59.59, 60.23, 58.52, 56.67]
A3EWL3	0	51	MKRSLGSNSSNNSGSGSNKKSKKNNNPSNQKTLGAAWGAASSRSSFRSSPFS	[37.77, 34.33, 35.09, 35.2, 38.03, 32.99, 32.43, 31.28, 31.73, 33.17, 31.65, 34.35, 33.75, 34.79, 32.01, 35.34, 34.61, 34.58, 35.43, 34.04, 33.1, 30.21, 34.58, 32.93, 35.52, 31.01, 37.81, 33.73, 31.31, 32.22, 34.36, 32.23, 30.82, 31.27, 32.39, 27.5, 30.16, 30.14, 29.34, 31.12, 33.42, 38.93, 32.74, 34.61, 41.22, 42.12, 41.68, 51.28, 50.45, 66.89, 68.7, 68.35]
A3EWL3	175	316	QLNDTQPKLSAFFAPRSHLTPQMASPVTSFQPDTGYSEAEEGSSIRADDSEEARDHIDDEIDGVYIENTTPELTEQTGTGDLKSSEMNAEGLGNYDIEEKEVSSELQSTTNLHSTSDNKSVHANGKNGGKSIATAAGSSTRR	[65.47, 59.44, 53.99, 45.36, 38.44, 36.08, 39.56, 38.41, 42.3, 48.44, 50.29, 44.07, 50.19, 41.7, 36.46, 33.35, 33.74, 35.51, 35.37, 30.48, 36.87, 35.35, 34.45, 35.34, 34.91, 35.08, 33.37, 32.15, 33.39, 32.2, 32.02, 37.97, 34.84, 36.1, 32.85, 35.19, 35.54, 33.38, 33.47, 27.63, 32.98, 28.44, 29.77, 25.41, 31.35, 27.67, 28.17, 30.43, 29.31, 35.0, 32.85, 28.95, 34.05, 30.02, 28.18, 30.77, 27.18, 28.55, 26.32, 24.21, 28.0, 22.78, 24.57, 21.82, 24.84, 23.59, 27.86, 27.8, 23.35, 27.46, 27.51, 27.3, 29.97, 31.27, 32.79, 28.0, 29.27, 30.95, 27.09, 31.64, 29.09, 32.62, 31.44, 26.55, 32.37, 25.25, 32.69, 25.84, 31.0, 26.08, 29.84, 26.45, 28.65, 26.01, 30.65, 27.07, 33.95, 26.99, 27.78, 29.74, 25.56, 30.08, 25.17, 29.81, 26.08, 27.54, 25.25, 26.23, 30.18, 27.72, 32.36, 31.05, 34.2, 30.91, 33.76, 34.1, 33.09, 35.11, 35.39, 37.02, 36.32, 36.9, 37.73, 33.69, 35.41, 32.19, 31.06, 31.78, 33.11, 29.68, 30.92, 33.83, 26.54, 32.7, 29.93, 26.43, 27.88, 26.11, 33.18, 39.89, 54.7, 66.05]
A3EWL3	348	371	RFHGSSNGLKWADSGQNTAEMAKK	[69.86, 60.35, 53.52, 40.62, 35.89, 35.86, 31.64, 30.51, 27.92, 26.65, 28.22, 29.94, 31.55, 32.77, 30.67, 31.26, 29.53, 37.93, 35.33, 32.71, 36.87, 38.98, 53.05, 66.85]
A3EWL3	733	802	DPSNKGSRTLKSWLSSAPAVVQIEQDDNVFAAKVRENSDCNRPVTGGVSRLRESNSEESSIQSGDTNSSL	[64.9, 53.15, 47.1, 45.73, 40.37, 32.81, 38.84, 43.69, 44.01, 43.18, 45.67, 45.12, 38.43, 49.69, 46.59, 36.26, 33.35, 34.8, 28.53, 31.39, 29.86, 28.15, 28.07, 29.46, 29.51, 30.06, 27.97, 27.48, 27.54, 28.84, 26.44, 28.03, 27.88, 31.44, 28.09, 32.96, 32.84, 36.67, 33.27, 31.29, 33.99, 33.9, 35.95, 35.06, 34.42, 32.19, 32.44, 31.78, 32.95, 26.79, 29.02, 27.76, 26.28, 31.89, 25.42, 30.96, 30.19, 26.63, 27.76, 26.85, 31.5, 31.87, 26.93, 28.59, 28.98, 33.59, 36.64, 45.22, 51.52, 63.46]
A3EWL3	839	917	KRGKRRINCNSPHVSLDGTAASIKELKSLSVKIHGLSTSGEKEYKEPYVPHPSIARTSNQHTIEMTDLLPSSLSQVDVS	[68.96, 67.23, 54.74, 53.45, 45.98, 34.21, 36.23, 32.95, 29.86, 31.87, 33.33, 36.52, 32.24, 33.5, 30.73, 34.14, 32.69, 33.26, 30.63, 25.52, 31.06, 30.08, 28.91, 30.79, 28.6, 27.97, 28.65, 27.96, 29.99, 26.56, 28.8, 29.45, 30.75, 31.75, 29.62, 29.54, 27.82, 32.0, 28.65, 30.08, 25.08, 30.07, 23.78, 28.18, 24.87, 27.84, 30.95, 26.33, 28.76, 32.02, 28.17, 32.04, 26.85, 28.95, 25.19, 25.87, 28.83, 26.52, 28.42, 27.44, 31.72, 27.16, 31.78, 32.17, 31.53, 34.82, 41.47, 43.24, 39.75, 44.58, 48.12, 49.31, 53.22, 52.54, 57.65, 59.17, 67.2, 65.5, 68.86]
A3EWL3	930	974	VLGAFPSHRRQQSSSDVPKETCKKQDEEPIDLKGTENEIGLSFSS	[66.32, 63.19, 60.42, 56.93, 50.21, 46.88, 43.6, 48.75, 42.86, 39.45, 37.41, 36.73, 27.33, 27.97, 28.11, 26.99, 27.06, 28.67, 28.65, 27.75, 27.99, 23.6, 30.67, 26.73, 32.23, 30.28, 34.42, 33.17, 28.63, 32.72, 28.54, 32.75, 29.91, 30.34, 31.44, 27.11, 28.94, 28.47, 26.29, 27.15, 29.02, 31.65, 37.8, 53.69, 61.94]
A3KPF2	115	134	KDDAVKQGSALPNGTVVSAN	[65.41, 53.19, 47.86, 43.24, 38.99, 37.69, 33.86, 31.26, 30.6, 32.99, 38.62, 41.79, 43.98, 40.29, 40.6, 46.52, 46.62, 49.02, 52.15, 59.64]
A3KPF2	489	527	SQPQVYPTQEPPAQSQDIHIHSDDLEELELLQQNANAQL	[56.86, 42.44, 35.12, 31.43, 28.33, 30.05, 35.29, 32.86, 34.53, 32.13, 32.63, 35.25, 33.44, 29.43, 30.72, 32.52, 30.37, 31.99, 32.9, 30.63, 36.45, 38.58, 44.34, 41.26, 42.78, 46.07, 44.54, 41.02, 45.26, 46.46, 42.88, 40.89, 43.7, 43.54, 38.36, 40.46, 37.7, 40.14, 35.99]
A4FVP2	0	22	MPKRQAQRRFTRKTDSKTPSQPL	[43.94, 50.25, 41.32, 44.15, 48.41, 43.33, 42.34, 41.97, 40.42, 42.4, 42.82, 36.08, 43.38, 41.18, 39.11, 41.15, 40.02, 40.82, 39.74, 44.32, 49.42, 53.26, 67.11]
A4FVP6	188	476	SDSEDADSVAVPDYPVVRYENGPCVDDTKFCNPVKLQLEDIEKLLNEIPDAPGVNQRQFDEFVGVPQGNSAEVIQSTLLNNSSGEYIDPRTNGMFLPNGQLYNRDSSFQSHLNSFEATSGMAPLLDNEKEEYIEMNDLLIPELGASSTEKSTEFLNHGEFGDVNEYDQLFNDISVFQGTSTDLSCLSNFTNNTSGQRQQLLYEQFQYQTPENQLNNYMHPSTTLNQFTDNMWFKDDQAALYVQPPQSSSGAFTSQSTGVMPESMNPTMSVNPQYKEGQNGGGTRSQFSS	[63.6, 58.01, 54.98, 52.63, 50.42, 46.48, 44.02, 47.24, 49.16, 46.99, 49.76, 50.93, 42.66, 46.42, 44.75, 37.7, 41.24, 33.76, 42.66, 38.26, 34.26, 36.62, 33.98, 35.84, 42.14, 36.27, 38.64, 38.01, 37.85, 33.91, 38.45, 35.29, 40.19, 44.29, 36.82, 44.38, 46.18, 46.95, 55.07, 59.13, 59.98, 62.88, 66.9, 58.4, 55.69, 58.14, 55.98, 51.01, 52.93, 42.06, 44.56, 38.51, 36.64, 34.6, 32.22, 28.47, 34.9, 35.88, 30.55, 36.06, 32.27, 37.18, 32.78, 35.33, 32.79, 38.56, 31.69, 30.32, 29.11, 32.63, 35.12, 42.76, 37.0, 43.21, 34.2, 39.97, 36.19, 39.81, 36.57, 37.1, 31.52, 34.21, 33.87, 38.12, 36.16, 30.85, 37.88, 38.13, 38.28, 34.24, 34.49, 35.04, 31.44, 35.33, 32.98, 33.73, 41.15, 33.52, 33.19, 38.23, 26.74, 36.08, 31.22, 34.13, 30.55, 36.04, 33.91, 36.09, 32.48, 38.11, 38.32, 37.73, 35.65, 36.07, 37.18, 35.68, 37.71, 33.78, 37.62, 37.16, 32.85, 38.32, 34.6, 29.46, 39.21, 34.99, 34.43, 40.91, 43.15, 49.12, 54.28, 56.19, 55.96, 62.81, 51.21, 57.9, 56.54, 52.54, 48.32, 47.5, 42.94, 38.6, 40.27, 35.65, 30.02, 32.99, 31.59, 29.96, 37.19, 32.38, 30.41, 29.89, 30.41, 29.57, 34.65, 29.1, 30.71, 31.48, 29.46, 34.64, 31.22, 37.49, 40.93, 41.27, 42.08, 44.92, 45.84, 45.56, 44.66, 44.61, 43.58, 35.54, 39.98, 37.32, 36.3, 30.85, 34.54, 32.22, 29.3, 34.4, 32.92, 32.02, 29.88, 30.98, 29.21, 28.93, 29.5, 32.71, 32.37, 30.02, 37.77, 32.72, 31.38, 35.04, 34.53, 35.93, 30.93, 35.13, 32.22, 33.12, 28.84, 29.25, 31.56, 32.17, 32.98, 32.64, 30.9, 32.13, 28.45, 39.62, 33.1, 35.1, 38.35, 34.98, 33.48, 33.22, 36.09, 35.75, 36.91, 38.31, 36.47, 34.18, 30.37, 31.18, 33.73, 32.49, 35.15, 30.86, 30.9, 34.25, 33.26, 37.86, 38.18, 33.6, 40.55, 33.58, 39.04, 36.06, 33.92, 36.26, 33.31, 39.79, 36.55, 47.15, 42.74, 34.26, 36.27, 36.44, 36.42, 35.28, 33.31, 35.0, 31.4, 37.19, 32.7, 36.23, 38.3, 42.11, 40.26, 43.51, 40.53, 30.47, 36.71, 38.83, 33.12, 43.98, 28.31, 36.97, 30.43, 34.64, 29.01, 42.87, 31.81, 34.75, 38.25, 31.29, 34.68, 36.67, 33.73, 33.02, 29.89, 36.04, 40.64, 48.48, 55.2, 61.06, 52.42, 63.19, 67.41]
A4FVP6	486	536	PSTPASACEGPLNQTFVRMSSFSRIRFNGTSVTSRKVTVAKKRISNRGFLL	[60.49, 55.49, 57.32, 46.73, 41.91, 45.85, 41.25, 42.13, 41.66, 56.07, 40.25, 42.96, 45.85, 43.35, 39.7, 41.1, 53.46, 49.48, 36.85, 40.86, 39.55, 41.41, 40.17, 41.39, 41.42, 37.01, 43.38, 37.65, 31.79, 38.87, 33.62, 37.98, 36.28, 33.46, 36.47, 33.33, 36.09, 35.78, 33.76, 34.68, 37.88, 39.33, 36.08, 50.21, 49.4, 51.04, 57.9, 56.72, 60.22, 65.27, 68.71]
A4GNA8	0	50	MGNGNSTETKESRRSKMRKKIQNFRSRRRLSRPGSGSVSGLASQRSVSADD	[36.6, 29.97, 32.57, 30.87, 33.35, 33.24, 33.71, 35.84, 35.19, 35.33, 34.63, 38.22, 36.64, 39.77, 41.05, 41.81, 38.07, 36.76, 35.15, 37.8, 35.95, 32.96, 31.8, 32.19, 28.74, 30.69, 29.91, 28.41, 25.17, 28.58, 26.81, 25.84, 31.54, 26.03, 25.69, 26.74, 25.35, 28.72, 26.78, 24.53, 30.09, 30.8, 26.07, 31.34, 30.15, 39.54, 50.9, 57.69, 60.07, 60.14, 67.31]
A4GNA8	171	186	PVETETCFAKRILSIV	[69.12, 67.3, 68.85, 66.79, 66.34, 65.75, 66.23, 62.71, 65.38, 64.86, 64.47, 63.13, 62.86, 62.83, 63.99, 67.22]
A4GNA8	259	280	LQLDKLNAMIHMTLCFDEGTGN	[67.79, 64.27, 60.34, 69.13, 65.15, 65.6, 65.73, 67.54, 66.26, 64.77, 65.76, 64.92, 62.81, 64.15, 60.68, 58.78, 59.19, 50.54, 45.57, 46.07, 55.93, 62.19]
A4GNA8	294	321	YGWMFKLSEWTHLSTYDVGLNTGSSASH	[69.15, 56.33, 46.66, 37.48, 42.83, 42.37, 30.93, 35.45, 38.53, 26.37, 25.33, 33.6, 23.95, 25.09, 24.34, 29.97, 25.11, 32.74, 34.79, 36.31, 31.83, 32.55, 30.62, 35.05, 36.86, 46.75, 50.81, 66.57]
A4GSN8	0	24	MPLFMPDEELARLSSDAASVVAERA	[41.62, 49.31, 55.73, 50.9, 41.17, 57.29, 59.71, 61.38, 53.22, 50.68, 58.82, 60.42, 51.27, 53.34, 47.92, 55.35, 54.61, 59.08, 63.21, 60.8, 62.08, 66.39, 67.83, 63.48, 66.12]
A4GSN8	348	409	CEAEIEKTRKTDELNLIPFSNFTRRVDNSGTSNMIEESQAVISKVPAGVSGTALAASLLRDG	[65.8, 64.88, 67.07, 63.42, 57.74, 60.83, 53.17, 53.22, 49.68, 44.08, 38.02, 37.72, 38.07, 35.43, 33.95, 39.22, 43.99, 45.5, 39.11, 40.61, 42.07, 38.07, 44.13, 35.87, 33.77, 33.68, 30.26, 27.75, 28.69, 33.56, 32.25, 30.52, 28.02, 22.4, 32.81, 28.34, 30.01, 25.88, 26.41, 25.19, 28.47, 29.0, 27.85, 29.7, 29.4, 36.38, 41.21, 45.19, 38.65, 42.14, 58.1, 58.14, 53.83, 55.12, 53.73, 59.17, 58.61, 61.75, 56.9, 60.68, 64.47, 66.36]
A4GSN8	522	570	KECRDVQLRCGAARDDDEDDYPLLSDVEMEMESEADKIISEHLLKFKDI	[69.44, 63.04, 62.26, 65.97, 59.52, 56.2, 55.2, 52.46, 50.87, 42.18, 37.37, 33.05, 33.16, 28.73, 33.55, 29.6, 34.07, 31.46, 27.62, 28.86, 36.84, 48.22, 27.51, 28.87, 32.66, 31.93, 34.3, 31.67, 35.91, 33.53, 39.87, 36.7, 43.38, 49.56, 53.13, 55.22, 58.53, 57.52, 54.81, 59.9, 58.89, 56.47, 59.6, 62.65, 57.86, 60.23, 60.74, 56.0, 68.28]
A4GSN8	647	683	EEQKLHSSDSRSSDLSPAVVPGRKNFLHLLEDSEEAT	[63.94, 59.21, 59.12, 50.6, 51.26, 38.37, 38.14, 28.07, 27.89, 25.09, 24.26, 22.04, 23.33, 23.76, 26.57, 28.18, 53.96, 28.6, 33.4, 29.2, 46.79, 35.61, 33.54, 35.33, 39.88, 40.73, 49.16, 54.15, 50.97, 52.89, 57.97, 52.72, 56.27, 56.58, 64.61, 65.96, 69.71]
A4GSN8	908	943	AEARLSDLEKKIRSSDPKTLDMDSGGIVSLSDKEMS	[64.55, 67.13, 68.77, 65.92, 60.69, 64.11, 63.15, 55.38, 53.58, 54.49, 54.07, 54.98, 41.9, 41.09, 32.37, 29.28, 41.51, 23.68, 39.89, 27.07, 28.87, 29.54, 29.95, 30.35, 21.64, 26.22, 27.22, 27.63, 30.58, 37.65, 54.09, 51.81, 51.29, 55.41, 56.23, 57.96]
A4GSN8	1170	1205	AKHLNSAEKNSRSGTISSGSTDSDHLEDSGLQRVVH	[66.19, 67.29, 59.75, 56.87, 55.84, 52.62, 52.32, 49.85, 49.71, 49.67, 42.1, 35.68, 32.9, 30.9, 26.49, 28.15, 26.05, 27.97, 28.23, 37.2, 35.16, 44.56, 41.68, 47.13, 49.1, 45.67, 33.21, 19.51, 50.74, 61.91, 57.98, 54.27, 55.66, 62.75, 52.79, 64.13]
A4GSN8	1466	1498	LAKQLEEAKEEAGKRTTTDAVVEQSVKEREEKE	[64.0, 69.39, 69.98, 67.58, 62.14, 65.36, 61.19, 55.74, 55.01, 49.16, 48.86, 45.67, 37.88, 29.79, 28.52, 31.69, 31.18, 32.2, 35.88, 41.56, 51.36, 47.72, 50.5, 51.11, 53.72, 60.32, 57.81, 54.98, 57.77, 61.42, 59.21, 61.37, 63.83]
A4GSN8	1563	2092	KLERYQTALTHLSEELEKLKHADGNLPEGTSAVQVLSGSILNDQAAAYVSAVEYFERVARSIASNSQVSTKPTDMVTEPSSGIPAAEPSTMTRVPSSTPLIKSPVATTQQLPKVASDNKEKRLISQKPSTEFRRPSGRRIVRPQLVKPEESPKVDVDMPEAEGTGDEGKQPAAHEPESQVTTSVRPVQTLVRKRQADSLVSEPQQDSLTQGETSSEIAPPASKKAKGSESHPDTSEGENLAKEPAIDELMDATTTTDGDNEETEAENAEEKTEEYVEAQQDNEADEPVEESPTETETIPTEEESRDQTEEENQEPLTDMESDKEEGELDLDTLEDLEEGTDVASMMRSPEKEEVQPETLATPTQSPSRMETAMEEAETTIETPVEDDKTDEGGDAAEEAADIPNNANDQQEAPETDIKPETSAATTSPVSTAPTTSSTLASAITSSGAPETEDPKRAPSPGGGSSTIVTLADRAQMKRRERIANIVVSRAPNPATRGARGRTVNLRGGGRLLPRGGRAPRGGRGQSPSPP	[65.17, 61.2, 65.19, 64.68, 54.48, 63.49, 67.34, 63.57, 59.97, 63.32, 59.71, 52.82, 62.25, 61.08, 57.45, 53.53, 58.27, 55.51, 47.93, 49.28, 46.96, 46.55, 39.08, 42.47, 34.0, 30.41, 42.27, 34.86, 30.56, 34.92, 37.44, 38.49, 41.01, 38.63, 40.34, 36.39, 38.17, 37.99, 47.71, 50.54, 51.63, 51.16, 51.83, 54.02, 56.5, 59.63, 57.2, 57.88, 67.91, 69.49, 59.99, 69.39, 68.3, 67.74, 64.86, 64.37, 66.57, 67.65, 53.7, 56.17, 55.9, 55.66, 47.81, 47.72, 41.59, 32.84, 26.81, 31.24, 25.93, 29.2, 26.64, 46.78, 26.17, 23.54, 26.41, 25.86, 26.74, 26.59, 31.72, 25.68, 25.79, 23.29, 25.57, 46.44, 25.53, 31.44, 22.84, 30.9, 23.6, 29.21, 24.16, 30.82, 26.42, 31.75, 33.93, 22.99, 27.84, 31.41, 42.05, 23.72, 31.04, 24.1, 24.74, 41.8, 24.76, 27.65, 25.32, 25.51, 26.12, 28.76, 29.25, 41.54, 27.94, 27.35, 30.05, 28.07, 29.71, 27.92, 34.96, 27.36, 30.01, 27.61, 25.4, 28.23, 25.78, 26.91, 25.81, 47.24, 25.54, 26.98, 26.67, 27.34, 26.63, 30.43, 45.77, 28.26, 28.61, 27.82, 30.74, 27.5, 32.04, 28.55, 43.33, 28.64, 27.45, 29.18, 31.61, 44.68, 32.52, 31.01, 23.95, 47.29, 27.84, 28.74, 26.86, 31.36, 27.62, 24.14, 50.78, 27.69, 33.95, 29.28, 29.42, 26.87, 29.17, 29.42, 27.88, 26.79, 30.61, 30.35, 49.31, 25.89, 25.17, 25.25, 34.42, 47.55, 24.74, 26.03, 26.29, 25.82, 28.25, 26.07, 23.38, 30.03, 23.52, 31.68, 28.3, 25.69, 27.86, 26.75, 26.66, 24.39, 24.81, 21.35, 24.27, 22.28, 21.54, 19.98, 21.13, 24.13, 24.5, 27.11, 44.56, 25.18, 24.55, 28.63, 22.61, 25.85, 26.9, 21.84, 25.43, 24.74, 24.78, 24.52, 24.32, 26.55, 31.36, 27.75, 38.1, 31.51, 26.1, 24.79, 27.7, 23.6, 25.15, 25.81, 24.64, 24.89, 24.98, 21.96, 30.18, 37.35, 24.56, 27.03, 27.75, 26.37, 26.85, 24.66, 26.02, 27.54, 24.05, 25.69, 27.52, 32.24, 27.18, 31.91, 26.0, 28.11, 27.66, 24.58, 30.34, 28.61, 27.05, 26.55, 26.54, 25.22, 25.25, 26.22, 27.34, 26.79, 26.65, 27.85, 27.07, 31.49, 26.5, 31.43, 26.04, 32.94, 25.93, 29.07, 25.75, 29.04, 27.1, 26.17, 30.33, 27.87, 25.2, 28.93, 31.37, 27.04, 27.8, 27.19, 33.69, 27.3, 26.56, 41.22, 46.76, 27.96, 24.85, 28.72, 26.91, 45.73, 25.46, 27.53, 25.95, 25.93, 25.14, 26.25, 41.63, 27.25, 26.12, 26.99, 27.31, 24.03, 29.14, 28.35, 27.76, 31.38, 27.64, 30.29, 29.43, 27.91, 28.11, 33.92, 41.59, 28.46, 28.55, 24.25, 27.07, 24.1, 25.17, 24.41, 29.37, 27.56, 31.06, 30.04, 25.34, 28.92, 26.41, 26.23, 31.12, 31.16, 30.91, 30.35, 29.87, 30.33, 29.49, 27.94, 27.31, 31.44, 29.17, 31.45, 28.51, 31.58, 27.71, 30.96, 29.77, 27.77, 51.52, 32.91, 33.94, 27.5, 33.36, 32.89, 33.9, 45.11, 32.17, 31.24, 30.86, 34.5, 31.0, 52.37, 32.78, 29.42, 41.12, 45.34, 28.28, 32.26, 30.41, 28.43, 32.83, 32.76, 32.65, 29.12, 30.07, 31.0, 28.29, 31.47, 30.02, 32.99, 29.88, 33.3, 53.6, 31.75, 33.87, 32.61, 32.86, 31.97, 33.83, 32.98, 33.98, 36.07, 27.21, 30.75, 36.12, 32.51, 31.93, 31.15, 30.75, 32.7, 31.11, 29.83, 37.35, 28.2, 27.52, 27.13, 30.54, 26.82, 26.7, 32.95, 35.74, 29.21, 31.52, 29.25, 27.62, 26.23, 31.86, 26.37, 45.21, 27.03, 25.3, 22.66, 25.95, 24.23, 25.96, 26.08, 22.84, 29.49, 25.14, 23.44, 26.07, 36.67, 29.84, 24.14, 26.0, 24.17, 24.85, 24.92, 23.99, 24.98, 23.92, 28.83, 26.52, 26.17, 24.75, 23.84, 26.82, 28.05, 45.74, 24.2, 33.36, 27.74, 30.95, 54.27, 26.43, 26.66, 31.34, 43.06, 28.22, 52.06, 27.05, 26.67, 27.32, 25.07, 24.08, 31.67, 35.68, 33.46, 44.65, 46.9, 50.12, 45.54, 61.04, 53.43, 54.59, 54.46, 56.04, 46.89, 48.81, 51.48, 47.76, 49.45, 47.3, 36.45, 33.79, 29.48, 30.09, 27.41, 26.52, 26.18, 40.49, 25.78, 46.47, 25.96, 29.18, 27.1, 26.63, 26.37, 28.7, 25.74, 24.54, 27.29, 24.73, 28.96, 26.32, 32.65, 28.1, 30.97, 29.78, 27.97, 30.84, 31.78, 48.04, 29.66, 29.29, 27.79, 31.32, 36.21, 47.58, 30.41, 32.57, 30.77, 34.7, 32.93, 35.72, 38.24, 41.7, 32.17, 41.36, 39.78]
A5HEI1	0	70	MSNPSSSGLGSSSGLTHFGIGLANTVQSEVTPYLPLPSLPIFCGAAEPGEFKLFDEVGQGSGYRSLDRSEI	[28.88, 27.71, 23.89, 28.55, 22.86, 22.12, 25.63, 24.89, 23.53, 23.86, 25.24, 24.39, 26.82, 26.29, 28.04, 31.42, 35.69, 42.36, 50.75, 55.41, 48.61, 44.72, 42.66, 38.97, 40.56, 40.94, 36.38, 39.5, 38.52, 37.54, 39.72, 38.62, 40.97, 36.22, 40.28, 41.84, 48.78, 64.31, 59.15, 59.85, 58.75, 59.45, 55.59, 56.9, 60.44, 59.47, 58.27, 55.33, 62.69, 67.97, 68.35, 69.03, 64.85, 62.25, 59.88, 52.86, 46.96, 41.45, 33.43, 34.94, 32.4, 34.08, 29.24, 33.69, 36.83, 42.04, 48.67, 58.87, 65.98, 63.96, 67.46]
A5HEI1	83	109	ETDVSYLDLRNEARAPDCNSGEHFQLY	[68.32, 60.2, 63.1, 59.02, 61.03, 55.67, 55.09, 56.16, 56.64, 54.79, 51.41, 49.97, 44.98, 41.37, 38.39, 38.63, 36.58, 34.68, 35.79, 37.96, 36.29, 38.63, 41.42, 48.96, 63.08, 69.61, 68.93]
A5HEI1	121	236	EYVTPGPTCDPLFTNEGPQKIISEPSVPVKMQRQTDTHLARSIEPEPVKRVLRPNHVEDHSWQHETLTNQSPKDVTAYDSRPETITMNELSASKKPKGKKKRKDDLSSVQPDPSVL	[65.4, 57.18, 50.97, 38.87, 31.27, 29.48, 30.79, 24.4, 25.94, 23.86, 23.68, 23.98, 23.21, 22.13, 25.63, 25.08, 24.65, 24.84, 26.39, 24.38, 21.28, 24.85, 21.44, 22.77, 24.87, 21.16, 22.19, 23.65, 20.43, 21.05, 22.78, 22.77, 19.32, 23.17, 22.83, 23.19, 23.32, 24.67, 24.25, 21.58, 24.49, 22.15, 25.47, 21.11, 27.71, 22.63, 25.83, 26.92, 22.77, 23.7, 24.65, 23.08, 22.0, 26.8, 23.05, 24.35, 24.69, 23.63, 24.11, 24.74, 23.71, 22.43, 20.99, 24.6, 21.95, 22.51, 22.27, 22.03, 22.81, 22.67, 22.16, 25.12, 23.64, 22.95, 23.4, 22.66, 22.12, 21.35, 21.58, 21.39, 19.92, 22.25, 20.32, 20.98, 21.66, 21.49, 23.63, 22.23, 22.46, 23.53, 22.49, 23.73, 23.23, 27.19, 24.52, 29.02, 22.95, 26.74, 27.45, 25.03, 28.52, 29.32, 25.96, 30.37, 28.86, 31.45, 28.06, 34.92, 37.4, 36.87, 44.33, 46.2, 54.78, 60.42, 67.01, 69.48]
A5HEI1	383	430	RTGSKPAENLAFEGDDDDDNPDHDMGSASKRRRIVKNSKVKKASVNRI	[69.09, 54.04, 38.35, 30.1, 27.18, 27.56, 25.39, 27.31, 27.51, 29.87, 25.93, 29.83, 25.68, 29.75, 29.47, 29.3, 35.01, 33.84, 30.86, 30.44, 30.8, 29.72, 29.41, 26.97, 25.58, 25.31, 23.64, 27.93, 26.32, 25.33, 26.97, 24.62, 25.48, 24.66, 30.25, 25.24, 23.9, 26.7, 22.87, 28.91, 25.33, 24.81, 27.3, 33.05, 37.21, 46.85, 54.43, 64.22]
A5HEI1	552	572	PETSRQAASGNSILETSVDVG	[65.59, 58.16, 51.68, 54.68, 53.77, 48.62, 43.17, 37.17, 40.64, 43.11, 43.22, 48.46, 50.21, 50.94, 48.07, 51.17, 49.0, 57.71, 60.37, 61.83, 69.16]
A5HEI1	680	699	RFWTLLESDSEISVDQVCTK	[66.1, 66.97, 66.53, 59.88, 59.83, 63.14, 57.39, 53.93, 46.35, 40.92, 40.48, 38.04, 35.41, 40.58, 41.32, 39.77, 42.43, 42.2, 55.26, 66.71]
A5HEI1	759	778	TDTKGTGKLESEESIENPSM	[61.63, 51.52, 52.16, 49.59, 43.53, 35.6, 29.06, 31.42, 28.44, 27.99, 29.12, 25.89, 26.4, 26.43, 28.68, 31.64, 32.26, 38.89, 54.13, 64.96]
A5HEI1	1355	1385	LGSEKASDNTVNSVEQGGHNVPVAAGAGDTN	[69.83, 57.06, 53.75, 44.04, 41.97, 35.87, 37.19, 31.25, 32.92, 32.01, 30.65, 27.48, 25.98, 30.68, 28.41, 29.15, 25.81, 26.69, 28.08, 28.9, 28.63, 35.48, 36.44, 37.69, 46.44, 44.02, 43.24, 43.0, 49.46, 53.08, 66.21]
A5HEI1	1485	1513	QVTSEPNQSLQQKGSTNMLGKNDHASSTL	[61.2, 53.27, 47.3, 38.73, 30.08, 34.57, 28.81, 29.07, 23.09, 28.8, 25.17, 27.2, 23.12, 22.28, 22.77, 22.95, 25.74, 25.64, 26.11, 27.42, 31.64, 34.82, 42.67, 46.36, 49.32, 53.68, 59.93, 64.92, 67.59]
A5HEI1	1603	1692	HKDSAKTQHGNGAYQQDPIPGHMNMMDLNTRIQEEPRHWNSYGHATLIDLNGSVYQDSRDQFTSYQVHNGKADVHKMTSSDPPELSTDDL	[65.14, 57.84, 48.07, 43.78, 39.21, 36.48, 33.03, 27.7, 26.46, 27.74, 26.1, 26.24, 25.84, 23.68, 25.78, 24.34, 26.07, 28.97, 26.68, 25.86, 24.7, 24.63, 24.47, 24.35, 24.86, 23.84, 24.46, 24.15, 25.83, 25.26, 21.68, 23.29, 21.43, 23.58, 21.29, 22.51, 22.49, 21.42, 21.73, 23.29, 21.69, 25.76, 21.98, 22.27, 23.02, 22.72, 23.11, 25.36, 27.31, 31.56, 27.16, 24.05, 22.2, 25.49, 22.95, 22.38, 23.33, 22.41, 24.17, 26.38, 23.96, 22.95, 24.15, 21.54, 21.7, 22.25, 24.4, 23.59, 26.59, 26.07, 24.34, 29.05, 25.17, 30.89, 26.88, 25.7, 23.59, 28.17, 28.88, 32.88, 32.03, 39.45, 45.03, 49.34, 57.47, 65.86, 58.71, 58.07, 68.54, 69.7]
A5HEI1	1781	1845	DFTIYSTNVKRKRPTPRKTSRSAKKTVAYNEDDDDDDNDDRGWHGGGGRGAARRLNYSTRSSNRR	[60.41, 59.53, 57.56, 55.95, 54.62, 51.96, 50.52, 48.84, 45.55, 38.26, 35.98, 31.66, 26.5, 31.85, 27.56, 27.81, 28.86, 29.66, 27.74, 28.65, 28.03, 31.01, 28.07, 27.13, 27.87, 24.4, 30.49, 27.6, 27.34, 30.06, 30.67, 32.93, 33.99, 30.92, 32.25, 34.96, 30.46, 32.99, 29.99, 32.61, 30.19, 27.59, 23.82, 26.91, 29.63, 25.52, 23.68, 26.35, 25.17, 29.15, 27.74, 24.35, 25.24, 24.22, 25.08, 24.67, 24.25, 25.67, 25.11, 26.07, 22.84, 24.82, 21.97, 25.06, 27.75]
A7UL74	0	93	MQAKINSFFKPSSSSSIAASVTTDTDDGLAVWENNRNAIVNTYQRRSAITERSEVLKGCIEKTLKKGSSSVPKNHKKKRNYTQFHLELGQSDFL	[48.55, 50.42, 53.54, 53.56, 62.9, 55.99, 59.12, 53.04, 55.74, 48.36, 45.75, 46.39, 44.37, 41.34, 40.31, 38.49, 40.52, 37.27, 38.4, 39.71, 38.2, 39.7, 35.61, 39.52, 41.4, 49.78, 56.03, 59.22, 55.32, 58.03, 58.89, 59.01, 56.23, 57.05, 51.73, 46.43, 43.8, 49.68, 50.96, 53.53, 51.17, 49.27, 55.2, 51.47, 51.99, 47.28, 48.81, 42.7, 43.12, 36.58, 35.61, 37.54, 38.51, 38.25, 37.74, 38.88, 38.17, 35.84, 33.52, 41.11, 35.9, 41.31, 38.13, 38.31, 39.3, 38.38, 35.7, 41.6, 39.5, 47.09, 46.57, 39.98, 45.62, 39.21, 53.24, 52.78, 55.46, 56.01, 58.08, 63.56, 67.67, 52.82, 68.71, 64.88, 58.15, 66.46, 55.38, 56.32, 56.14, 56.63, 52.57, 56.86, 57.39, 69.23]
A7UL74	238	256	LQREVSKRCRTSDDRLDNG	[58.47, 57.14, 59.27, 50.69, 50.75, 44.58, 47.71, 35.26, 36.64, 36.21, 35.46, 36.12, 33.47, 33.65, 36.15, 36.88, 46.48, 47.29, 61.73]
A7WM73	0	29	MSTNLLRLILLFITLSITSSLSTPSPADSP	[38.86, 36.1, 37.89, 40.48, 41.64, 36.84, 35.64, 38.11, 39.45, 39.62, 37.65, 39.0, 36.31, 38.74, 34.53, 38.31, 37.42, 39.26, 39.04, 38.47, 40.36, 37.78, 37.23, 31.37, 32.64, 43.53, 44.54, 49.36, 64.17, 67.46]
A7WM73	82	97	SGRGSLLSRIRFLKMV	[56.3, 48.19, 38.76, 40.22, 40.98, 49.39, 45.76, 47.69, 47.13, 46.63, 44.83, 50.22, 48.39, 49.04, 57.4, 67.2]
A7XDQ9	0	18	MKRVKSESFRGVYSSRRFK	[36.49, 37.46, 32.28, 37.84, 32.26, 37.52, 32.34, 32.11, 35.75, 29.1, 33.65, 31.44, 35.48, 32.0, 40.69, 44.67, 46.89, 51.52, 65.13]
A7XDQ9	40	131	HFIEMVAMLSGDTGLDGALSDTSLDVSLSGSLRNDMLNRKLEDEDHQSGPSTTQKVSPEEKINGSKQIQPLLFRYGRISGEVMRRRNRTIHM	[67.74, 66.9, 68.66, 63.87, 54.42, 61.92, 58.61, 44.08, 44.0, 37.27, 32.75, 34.1, 31.36, 29.73, 28.24, 28.02, 26.23, 26.62, 24.05, 23.39, 22.56, 24.02, 19.93, 25.6, 19.64, 27.64, 19.57, 24.85, 23.61, 24.18, 25.51, 28.87, 29.84, 30.85, 29.61, 31.99, 31.78, 25.55, 27.92, 24.8, 27.59, 22.51, 29.88, 25.92, 21.64, 30.74, 27.01, 22.37, 25.3, 26.53, 22.62, 26.42, 22.88, 25.89, 23.11, 25.07, 23.49, 26.91, 25.57, 26.24, 25.08, 26.7, 25.96, 28.56, 29.85, 29.22, 25.43, 32.11, 25.23, 28.44, 35.57, 28.59, 34.1, 26.31, 33.91, 32.63, 34.0, 36.18, 37.87, 39.67, 41.46, 44.34, 43.92, 46.14, 46.89, 45.37, 43.54, 45.63, 48.78, 51.22, 63.38, 68.33]
A7XDQ9	156	172	EVDKINESASIFEGKVE	[59.05, 54.78, 54.45, 49.44, 50.76, 46.82, 35.95, 35.03, 38.17, 31.94, 29.6, 37.09, 37.37, 34.59, 37.83, 44.98, 58.09]
A7XDQ9	311	342	QNDIIDMVDSKESKTTSWFKRFIGREQKPEVT	[66.56, 50.86, 43.4, 40.57, 36.85, 38.69, 38.67, 34.93, 35.23, 44.05, 38.13, 35.06, 37.99, 42.48, 45.85, 43.4, 42.24, 52.05, 41.48, 48.77, 53.86, 46.22, 42.79, 49.22, 42.63, 42.09, 43.1, 41.08, 47.02, 52.71, 59.25, 64.57]
A7XGN8	83	102	FRTKEKGIKKHARRLACFLV	[63.71, 64.8, 55.26, 53.18, 49.26, 40.48, 48.57, 49.81, 49.56, 49.73, 47.08, 50.11, 51.66, 52.68, 53.51, 55.52, 56.55, 58.05, 61.37, 64.97]
A7XGN8	133	163	IIDGASSMSLQERQREQKEIRQTFANSSESD	[62.61, 51.58, 45.69, 29.68, 26.36, 29.95, 31.1, 30.51, 36.76, 39.39, 36.58, 37.01, 36.88, 37.35, 38.13, 34.57, 35.67, 37.68, 36.17, 37.1, 31.0, 29.2, 26.13, 30.29, 28.68, 35.38, 36.6, 43.8, 48.93, 48.8, 61.14]
A8MPR5	0	94	MACRFPLHSSSPSQFLSPENRQRLPRNYPSISCQNNSATNVVHEDGDDNDKAKTNQVNLLAIPITLTIISASLAKPSFAAAKVTERKRTQKKPQE	[36.9, 32.87, 38.9, 36.67, 33.54, 41.44, 32.2, 37.26, 33.43, 37.75, 34.1, 37.39, 31.85, 36.25, 32.55, 35.03, 31.68, 37.34, 34.79, 30.78, 32.75, 33.87, 28.94, 31.96, 29.32, 32.03, 33.47, 35.45, 34.78, 29.57, 33.86, 27.8, 31.66, 29.03, 31.97, 31.43, 33.46, 33.71, 33.72, 32.96, 34.35, 34.2, 32.16, 31.74, 33.04, 31.7, 32.53, 31.95, 31.45, 31.81, 33.43, 28.77, 33.44, 30.08, 28.16, 32.62, 31.52, 28.36, 28.85, 29.61, 34.58, 32.47, 33.47, 30.75, 31.72, 24.21, 29.59, 26.79, 32.98, 26.52, 30.48, 34.31, 30.73, 34.24, 31.95, 38.72, 36.44, 31.96, 35.85, 31.44, 36.2, 35.69, 28.07, 37.02, 30.21, 32.79, 31.27, 25.76, 27.01, 28.59, 31.54, 33.87, 43.8, 54.7, 62.31]
A8MPR5	193	220	RPPVPSPYLGFLWKVPAYMLTWVKPKKE	[63.44, 65.23, 67.54, 54.06, 61.21, 54.63, 45.31, 55.01, 46.83, 54.01, 57.07, 53.45, 50.8, 54.48, 50.64, 46.77, 52.02, 63.36, 57.68, 52.71, 38.2, 35.03, 45.38, 42.54, 48.41, 51.04, 53.78, 56.54]
A8MPR5	354	377	MEGIEEEDEEVEEGTGEKNPYLQM	[60.07, 55.62, 52.15, 53.1, 44.75, 41.88, 38.62, 35.69, 33.58, 35.36, 32.7, 34.92, 30.34, 33.29, 31.46, 37.59, 39.76, 49.55, 56.83, 69.74, 62.36, 61.84, 67.16, 66.71]
A8MPR5	379	397	MQFMKSGARVRRASNKRLP	[63.49, 69.4, 69.53, 66.21, 63.38, 63.88, 60.85, 55.93, 52.26, 57.02, 52.99, 49.58, 50.32, 42.93, 42.84, 56.88, 58.74, 62.91, 68.74]
A8MQA5	20	38	ECEKMEVKEIGRSSKIILP	[67.04, 64.95, 63.11, 57.58, 51.1, 45.93, 46.9, 43.98, 43.77, 44.31, 43.08, 43.0, 45.73, 47.35, 45.94, 53.65, 54.82, 58.57, 65.56]
A8MQL1	0	59	MAEAVDEDSGVGRSLEESSNGQHSQAGEALSEWRSSGQVENGTPSTSPSYWDIDDDDDYG	[35.66, 41.56, 40.78, 35.43, 55.72, 38.04, 46.24, 39.65, 39.82, 46.23, 36.4, 38.48, 38.63, 37.39, 36.97, 34.97, 36.58, 32.06, 31.43, 30.62, 33.89, 31.51, 29.73, 32.01, 36.35, 31.68, 36.6, 34.61, 34.11, 37.23, 40.9, 38.17, 48.31, 53.56, 47.8, 40.01, 40.78, 38.22, 40.87, 35.32, 31.6, 36.33, 33.55, 37.23, 36.98, 30.47, 31.88, 39.06, 52.7, 47.0, 60.07, 53.71, 53.74, 55.44, 53.48, 55.71, 51.99, 54.95, 54.81, 63.8]
A8MQL1	311	327	QTKNMKARSRLLDAKQL	[69.72, 60.45, 59.77, 53.78, 49.44, 40.29, 37.72, 37.3, 30.43, 29.61, 31.24, 33.28, 31.21, 36.32, 48.32, 51.23, 62.35]
A8MQL1	356	379	PLPPKDEKGRQNRTKDGNDGEEVN	[69.79, 66.69, 64.98, 59.13, 60.51, 56.39, 48.3, 40.15, 35.17, 47.09, 40.81, 31.11, 35.63, 37.25, 35.5, 38.84, 41.41, 40.68, 46.27, 47.36, 43.87, 46.26, 54.39, 64.15]
A8MQL1	463	1081	RNKNKGKDKRKEEKVSFATHAKDLEENQNQNQNDEEEKDSVTEKAQSSAEKPDTLGDVSDISDSVDGSADILQPDLEDRDSSSVLWDTDALEIHPPSSEGSSRGRGISISTPNGITEGKSHSTMDDSSSTCSNDSIRSGVTNGSYQGNSLNFRNQKSPNKGKNQQVKAMTDAHSLASETDDQPSTLGTDPKGQNYSSEASNVGESDWVVVSHIQEPEGSRNRIPVGRERKTVQSIVNSVDMDRPKEKSTAVLSSPRNVAKNPSPLTQTKPEKKSISTADGIPNRKVLATGPPSSSQVVLPSDIQSQTVGLRADMQKLSAPKQPPATTISRPSSAPIIPAMRPSPITVSSSVQTTTSLPRSVSSAGRLGPDPSLHNQQTYTPQSYKNAIVGNSLGSSSSSFNHHPSSHGVVPTTLPSSSYSQAPTSSYQSSFPYSQDGLLWTGRSPSSVNMGMYNNTYSPAVTSNRSLNHMDVQIAQQQAQSMMTDEFPHLDIINDLLEDEQCSNMVYNGSIFNPQPQVFNGQYSSYHGELLSGGRTRSFGEEGLHYMARGPYGTDGMMPRQWQMTNMDLSLPAMRSNGMEDGTSSAANYHHSYFGLDASNPSFTSGINGYTEFRPSNGH	[68.36, 65.5, 61.46, 57.11, 52.91, 52.22, 48.78, 50.03, 46.73, 42.09, 39.08, 40.61, 40.42, 41.97, 49.04, 32.09, 29.41, 28.37, 28.13, 28.63, 30.77, 28.6, 28.2, 30.81, 32.07, 32.09, 31.92, 38.08, 36.87, 40.31, 36.31, 40.29, 36.77, 38.45, 38.37, 38.28, 40.27, 36.77, 36.82, 34.77, 38.44, 35.31, 34.2, 34.6, 36.32, 36.07, 37.19, 37.69, 37.0, 36.22, 39.16, 43.34, 36.3, 33.43, 32.7, 36.0, 35.56, 36.77, 37.91, 38.38, 42.89, 40.82, 40.79, 36.84, 37.87, 38.3, 31.29, 32.24, 33.04, 33.44, 33.07, 32.92, 34.17, 40.26, 35.18, 39.56, 37.37, 37.22, 34.51, 32.77, 29.99, 27.99, 28.19, 26.01, 33.68, 29.57, 32.69, 34.4, 34.57, 31.93, 35.38, 28.41, 34.33, 29.0, 29.59, 38.04, 28.65, 33.24, 29.98, 30.73, 29.76, 33.99, 35.13, 33.42, 39.33, 29.71, 36.21, 27.69, 36.32, 32.61, 36.82, 41.63, 38.42, 34.74, 35.98, 38.96, 32.08, 38.07, 29.77, 36.35, 30.42, 33.89, 32.92, 40.61, 39.24, 38.62, 39.28, 38.05, 42.07, 40.1, 30.63, 35.96, 32.55, 34.23, 34.74, 39.59, 29.71, 34.99, 29.68, 35.19, 31.32, 32.1, 32.81, 33.06, 34.87, 35.63, 35.18, 33.78, 35.0, 36.18, 35.94, 34.66, 33.14, 31.29, 35.76, 32.94, 32.07, 41.07, 30.34, 29.41, 32.53, 32.57, 34.36, 32.62, 30.85, 34.27, 36.03, 35.72, 38.54, 37.84, 38.0, 38.43, 38.86, 33.57, 33.12, 33.97, 32.26, 36.22, 35.1, 37.98, 38.45, 34.35, 36.85, 31.88, 34.04, 30.21, 38.78, 34.0, 35.48, 40.53, 35.64, 37.83, 36.88, 33.87, 38.15, 36.36, 36.56, 35.79, 35.03, 31.65, 29.66, 34.3, 32.57, 29.66, 31.08, 28.8, 32.4, 30.1, 30.96, 31.02, 30.1, 28.3, 34.31, 30.23, 30.76, 37.37, 33.39, 32.7, 33.96, 37.37, 33.33, 35.51, 33.19, 36.87, 33.74, 33.43, 36.08, 31.45, 35.88, 30.62, 31.64, 34.35, 35.84, 36.61, 39.47, 38.18, 38.73, 38.85, 38.09, 38.91, 42.28, 36.09, 35.91, 42.16, 37.7, 41.82, 38.84, 39.97, 38.39, 37.4, 38.84, 36.63, 37.29, 36.13, 44.81, 36.3, 32.32, 38.16, 34.17, 34.64, 35.13, 52.11, 37.61, 41.53, 37.23, 34.73, 38.18, 36.39, 37.64, 42.9, 39.08, 36.97, 42.47, 34.86, 41.92, 36.02, 37.84, 35.95, 39.89, 39.1, 33.35, 39.49, 35.45, 35.16, 32.54, 37.72, 35.31, 30.72, 36.82, 34.5, 38.52, 41.7, 34.41, 37.17, 37.58, 36.68, 35.71, 33.77, 28.9, 39.94, 32.96, 32.84, 35.98, 35.46, 28.85, 33.3, 27.6, 34.96, 28.55, 35.75, 32.95, 33.7, 35.0, 34.02, 37.05, 33.92, 31.22, 34.59, 33.62, 38.67, 35.68, 39.17, 39.8, 39.3, 35.04, 33.49, 35.13, 38.64, 41.47, 33.91, 39.0, 42.53, 39.27, 33.77, 41.87, 44.99, 38.24, 46.06, 36.62, 43.3, 38.33, 43.18, 39.73, 43.81, 38.07, 29.72, 36.26, 30.16, 31.25, 32.65, 32.77, 32.96, 32.29, 32.97, 37.81, 40.8, 41.27, 43.53, 40.66, 39.24, 41.64, 37.77, 40.09, 35.97, 35.85, 39.42, 36.41, 34.44, 40.18, 37.82, 37.37, 32.21, 29.73, 32.34, 31.54, 32.53, 32.09, 29.2, 31.2, 40.56, 40.63, 38.62, 39.78, 32.09, 38.54, 39.43, 34.91, 44.15, 45.92, 39.19, 35.92, 37.71, 38.54, 37.01, 40.02, 37.69, 35.56, 38.5, 34.25, 36.99, 34.41, 39.17, 34.95, 44.18, 39.08, 39.3, 40.68, 32.8, 39.76, 36.87, 38.25, 38.13, 36.57, 37.44, 37.81, 32.71, 38.45, 35.85, 39.19, 34.68, 35.08, 36.36, 35.58, 31.92, 35.35, 31.23, 35.82, 32.23, 35.65, 28.81, 34.45, 37.58, 28.57, 34.02, 32.21, 35.44, 32.09, 35.64, 31.14, 34.22, 30.53, 30.16, 30.8, 32.71, 38.13, 27.84, 28.58, 29.87, 30.3, 32.58, 30.17, 32.93, 35.08, 35.29, 33.3, 31.59, 32.32, 31.96, 38.49, 32.2, 31.92, 34.31, 32.47, 29.03, 32.9, 31.89, 29.91, 31.29, 32.19, 30.92, 34.75, 33.04, 33.21, 36.23, 34.93, 33.67, 35.11, 31.63, 30.41, 31.13, 29.12, 30.48, 33.12, 37.48, 31.31, 40.99, 43.88, 49.17, 49.59, 47.95, 50.06, 55.71, 56.18, 54.14, 55.87, 54.68, 53.55, 49.14, 46.86, 42.88, 36.34, 30.55, 28.24, 28.99, 30.06, 31.05, 30.82, 32.32, 29.02, 32.99, 31.97, 34.16, 32.09, 35.29, 32.34, 32.24, 35.96, 31.96, 30.97, 31.86, 30.93, 33.0, 33.07, 33.47, 32.68, 35.63, 35.38, 31.91, 35.46, 34.02, 33.01, 30.61, 32.07, 30.56, 31.39, 31.42, 32.42, 31.92, 33.85, 32.67, 36.64, 36.57, 34.63, 33.49, 35.63, 30.14, 31.34, 31.64, 35.1, 29.67, 39.98, 37.74, 31.1, 38.98, 34.79, 33.13, 34.47, 35.17, 37.73, 32.65, 31.94, 27.5, 35.61, 29.01, 36.42, 30.64, 35.97, 33.09, 33.29, 33.59, 32.75, 41.51, 34.14, 36.1, 33.32, 34.37, 34.24, 39.04, 37.47, 37.94, 36.71, 38.15, 36.71, 36.08, 37.16, 36.12, 37.69, 35.43, 31.82, 35.56, 32.11, 35.57, 27.74, 30.84, 30.07, 31.05, 29.63, 30.21, 35.52, 34.1, 38.12, 32.31, 33.83, 34.55, 37.2, 32.96, 36.61, 36.46, 32.01, 31.15, 35.62, 32.72, 34.35, 44.02, 40.3, 34.2, 36.61, 38.41, 31.54]
A8MQL9	0	27	MLFPHERKKEKERSQGFYLVTRLRIRMG	[35.88, 37.84, 39.31, 48.34, 37.09, 42.97, 47.03, 38.38, 38.69, 47.78, 42.78, 43.06, 47.47, 47.69, 47.12, 45.91, 50.84, 50.59, 50.53, 51.16, 50.56, 47.56, 46.97, 49.91, 47.22, 52.22, 58.12, 67.75]
A8MQL9	206	255	HHQMVSGSEINAIEALASRNYFAHSIMTAGSGSGNGGSYSDPDKKILHLG	[67.88, 63.0, 62.66, 56.62, 56.03, 57.19, 57.5, 58.25, 56.56, 59.47, 62.03, 64.0, 65.75, 63.25, 64.69, 64.88, 67.5, 63.38, 58.81, 55.91, 54.66, 53.75, 52.44, 40.81, 42.47, 48.75, 47.09, 44.84, 44.75, 46.31, 41.94, 35.69, 42.88, 35.22, 37.91, 38.25, 33.59, 34.84, 36.53, 38.5, 45.41, 47.41, 44.5, 41.72, 47.69, 43.81, 45.31, 39.34, 44.88, 42.69]
A8MQN2	0	176	MSDLYIHELGDYLSDEFHGNDDGIVPDSAYEDGGQFPILVSNRKKRRNDDMGSGTNHLKSNTFIKREANMLGKNPWPEKDSGGSSVSRDTGTGKDVQDMTLEDTNTSDHGFNGGHVDVVENFSTGDPMLCDTSAATNDGVYNYSLNSIPDAENDLSFFDNGDKEKNDLFYGWGDIGN	[44.17, 45.55, 43.48, 46.61, 51.08, 46.11, 51.75, 49.62, 51.82, 47.02, 46.6, 49.75, 50.56, 51.82, 53.35, 46.58, 53.18, 54.06, 49.53, 52.19, 52.08, 55.48, 50.26, 54.79, 65.74, 64.4, 47.63, 43.71, 46.32, 50.08, 46.46, 50.17, 43.43, 43.56, 43.4, 41.36, 46.28, 43.55, 42.01, 44.47, 43.22, 46.9, 44.67, 55.38, 51.34, 50.71, 51.6, 45.49, 58.92, 50.72, 47.66, 42.89, 39.91, 47.11, 41.05, 45.71, 38.44, 42.06, 39.52, 41.87, 36.26, 41.24, 41.76, 45.38, 48.06, 46.62, 47.56, 43.04, 43.34, 40.7, 40.9, 39.67, 44.04, 42.73, 41.35, 42.76, 51.88, 37.38, 36.41, 40.91, 37.71, 38.25, 34.37, 35.03, 38.19, 40.14, 42.97, 44.78, 45.13, 49.9, 46.98, 46.43, 47.53, 55.37, 47.23, 52.82, 47.94, 45.65, 46.41, 41.63, 50.94, 46.53, 46.35, 51.09, 44.28, 46.64, 48.51, 45.91, 50.79, 42.82, 53.65, 41.16, 33.82, 47.03, 42.95, 60.08, 42.18, 48.38, 44.2, 41.13, 42.8, 41.88, 46.94, 41.4, 46.82, 40.23, 45.23, 43.4, 44.86, 42.94, 40.67, 32.48, 38.86, 33.8, 34.77, 43.24, 37.43, 39.15, 39.8, 36.2, 41.02, 39.55, 44.06, 37.86, 45.82, 41.25, 37.73, 46.2, 49.59, 38.54, 43.93, 44.5, 40.37, 42.65, 48.85, 45.88, 45.48, 46.32, 44.45, 44.74, 43.56, 48.52, 49.56, 48.96, 44.34, 40.23, 42.56, 50.57, 45.79, 47.18, 42.21, 54.16, 52.94, 55.13, 57.17, 59.97, 67.93]
A8MQN2	187	476	CDSTFGLDSLNNEGDLGWFSSAQPNEETAGAMTDDLKPDKMLENQRTAMLQVEDFLNNSEPNHAVEDEYGYTIEDDSAQGKSSQNVFDTSLQKKDILMLDVEANLEKKQTDHLHHLDGKSDGFSENSFTLQHSGISREIMDTNQYYPPSAFQQRDVPYSHFNCEQPSVQVSACESKSGIKSENKPSPSSASNESYTSNHAQSIESLQGPTVDDRFRKVFETRANLLPGQDMPPSFAANTKKSSKTDSMVFPDAAPIQKIGLENDHRKAATELETSNMQGSSCVSSVVDDI	[56.34, 54.53, 51.26, 52.06, 45.98, 50.71, 44.29, 42.14, 40.27, 43.98, 42.74, 42.75, 47.09, 49.94, 49.63, 44.46, 39.0, 47.88, 31.07, 32.61, 30.9, 36.73, 41.49, 35.78, 41.57, 44.99, 42.02, 44.34, 36.67, 46.06, 39.28, 39.63, 43.51, 47.95, 37.12, 47.49, 44.7, 36.58, 34.43, 41.05, 35.64, 38.4, 35.07, 37.08, 36.01, 36.12, 34.49, 34.28, 32.06, 36.31, 35.76, 36.57, 38.27, 37.66, 37.2, 38.95, 35.09, 37.36, 40.44, 40.15, 41.85, 36.72, 41.35, 37.25, 43.44, 43.61, 42.1, 47.02, 44.48, 39.64, 41.77, 36.45, 43.11, 41.74, 38.71, 41.84, 41.73, 40.67, 40.88, 38.26, 44.47, 40.44, 41.2, 39.82, 35.26, 42.42, 41.78, 36.75, 40.02, 40.26, 41.85, 39.55, 46.21, 48.14, 42.62, 47.84, 45.77, 44.8, 44.85, 44.84, 45.68, 39.84, 43.19, 42.68, 40.85, 39.25, 40.26, 38.45, 38.5, 37.4, 34.77, 34.72, 39.59, 39.01, 34.47, 44.79, 37.08, 38.41, 38.58, 44.66, 37.79, 34.88, 36.87, 40.12, 41.02, 32.45, 36.87, 37.43, 32.7, 41.88, 33.47, 38.57, 34.69, 33.36, 37.41, 30.28, 38.39, 37.02, 35.56, 42.01, 35.54, 36.26, 31.69, 40.2, 31.92, 40.83, 42.45, 41.25, 41.96, 42.83, 39.16, 33.39, 36.97, 36.67, 32.89, 45.87, 41.23, 32.23, 44.48, 34.47, 39.52, 35.2, 34.13, 38.12, 35.62, 35.95, 43.44, 40.03, 41.13, 36.79, 40.01, 39.56, 39.49, 40.47, 40.02, 47.51, 42.05, 46.55, 52.39, 51.47, 56.36, 46.95, 47.6, 51.84, 42.51, 37.48, 47.97, 40.09, 41.26, 42.7, 43.34, 43.47, 48.66, 42.18, 42.81, 47.05, 41.24, 44.08, 46.15, 39.42, 42.95, 37.63, 41.47, 37.65, 33.25, 38.84, 36.71, 33.29, 43.9, 29.52, 37.98, 37.25, 32.49, 33.81, 35.78, 31.8, 35.85, 37.61, 29.53, 35.95, 31.29, 36.48, 32.63, 28.94, 31.05, 35.09, 35.56, 34.08, 34.47, 37.56, 37.76, 45.91, 45.11, 35.67, 41.04, 37.54, 40.47, 41.31, 33.57, 47.34, 35.8, 44.65, 39.86, 44.94, 44.04, 36.09, 35.33, 36.68, 39.41, 39.72, 41.51, 32.91, 40.81, 43.02, 42.88, 44.81, 37.46, 45.05, 41.29, 47.54, 40.26, 40.22, 45.0, 40.49, 55.36, 45.44, 43.94, 38.76, 39.28, 49.88, 45.36, 53.41, 36.78, 45.05, 40.09, 47.6, 52.73, 44.7, 42.32, 45.3, 40.63, 45.11, 51.3, 45.55, 44.32, 48.81, 55.96, 57.87, 59.98, 65.88]
A8MQN2	516	547	HHGGNRPEKGAGSHLVTGEADKYAGFMDIETD	[69.1, 59.4, 56.39, 56.5, 50.51, 53.35, 49.35, 50.86, 51.67, 45.46, 47.5, 40.25, 45.94, 50.53, 43.64, 48.44, 43.75, 38.99, 44.6, 47.25, 50.87, 53.09, 48.98, 47.33, 48.53, 48.0, 53.47, 52.12, 56.28, 57.01, 58.99, 60.84]
A8MQN2	564	615	SDSSLSSDNNVLSYKSHPMIPQPNSSPSLRIEKQEETTELRPEAEVVTSDNN	[57.64, 47.37, 45.22, 38.97, 46.15, 37.35, 43.8, 44.14, 43.1, 40.37, 52.26, 42.8, 41.04, 48.34, 40.32, 44.39, 41.41, 46.4, 51.59, 50.51, 49.58, 41.54, 55.22, 44.39, 43.55, 46.78, 47.43, 36.66, 47.97, 51.5, 53.18, 47.11, 50.36, 47.41, 49.1, 49.07, 47.29, 43.71, 44.89, 45.54, 45.78, 51.99, 52.28, 50.59, 49.74, 54.34, 62.3, 56.05, 46.33, 57.95, 58.49, 50.56]
A8MQY1	157	447	AEISYEPSPSLVSDSHTVIAITGEPEPELQVEQPGKENLLGMSVDDLIEPMNQQEEPQGPHLAPNDDEFIRGLRHVDRGTVEYLFANEENMDGLSMNDLRIPMIVQQEDLSEWEGFNADTFFSDNNNNYNLNVHHQLTPYGDGYLNAFSGYNEGNPPDHELVMQENRNDHMPRKPVTGTIDYSSDSGSDAGSISTTSYQGTSSPNISVGSSSRHLSSCSSTDSCKDLQTCTDPSIISREIRELTQEVKQEIPRAVDAPMNNESSLVKTEKKGLFIVEDAMERNRKKPRFIY	[68.58, 69.07, 67.73, 58.82, 59.19, 48.86, 38.41, 39.04, 40.63, 42.03, 43.35, 42.83, 36.68, 40.71, 44.39, 42.77, 45.48, 40.16, 47.64, 38.11, 48.22, 42.17, 40.28, 41.57, 42.54, 42.65, 48.03, 34.47, 40.77, 36.89, 38.66, 34.72, 37.93, 37.01, 35.12, 40.63, 36.28, 36.13, 35.44, 35.56, 31.33, 41.69, 39.05, 37.42, 41.96, 43.74, 36.55, 44.17, 43.27, 43.77, 32.04, 38.84, 37.32, 32.69, 35.77, 35.09, 34.5, 34.34, 34.45, 36.85, 33.99, 34.83, 34.4, 32.22, 35.87, 39.24, 41.19, 43.23, 42.78, 39.08, 39.29, 37.73, 39.89, 35.72, 40.16, 38.13, 33.81, 34.39, 33.02, 37.95, 35.02, 36.4, 35.52, 34.5, 37.27, 35.39, 33.9, 39.53, 34.17, 32.5, 36.22, 32.4, 31.67, 32.28, 33.93, 34.55, 34.46, 36.07, 33.47, 30.99, 38.87, 31.62, 33.73, 35.8, 33.97, 37.94, 32.06, 36.24, 29.48, 31.48, 30.46, 31.6, 33.12, 29.4, 29.96, 27.3, 32.51, 28.42, 32.82, 35.38, 29.22, 31.1, 27.53, 28.25, 30.3, 27.24, 36.37, 28.84, 34.79, 28.99, 30.97, 26.54, 33.45, 29.69, 31.57, 34.75, 28.09, 32.4, 40.07, 34.1, 34.63, 33.27, 35.81, 29.36, 31.17, 29.91, 32.64, 27.35, 30.76, 31.58, 31.15, 37.86, 32.0, 34.46, 31.94, 43.61, 39.64, 33.97, 35.82, 32.31, 30.48, 33.7, 30.6, 32.92, 30.84, 33.86, 30.34, 34.94, 39.33, 37.17, 38.16, 35.21, 46.48, 42.05, 38.76, 40.44, 38.71, 36.0, 37.73, 40.66, 42.08, 39.78, 46.31, 45.28, 48.19, 48.95, 45.36, 50.03, 49.24, 47.92, 43.08, 39.83, 42.56, 34.28, 36.68, 41.08, 36.54, 43.22, 36.57, 40.71, 40.37, 40.89, 45.67, 45.96, 37.68, 40.24, 34.59, 40.29, 35.11, 33.53, 39.62, 33.47, 39.19, 33.92, 32.25, 32.83, 26.7, 29.73, 27.29, 35.71, 28.42, 33.4, 27.65, 31.94, 30.01, 27.8, 33.13, 29.61, 32.15, 29.36, 37.46, 33.6, 36.2, 41.64, 44.28, 40.98, 40.26, 46.45, 46.71, 48.85, 47.47, 54.17, 42.86, 45.23, 51.33, 45.8, 44.73, 47.53, 47.89, 43.46, 39.72, 44.3, 31.93, 35.15, 35.17, 35.16, 41.17, 36.8, 39.35, 36.7, 39.9, 43.02, 41.42, 40.19, 38.52, 43.48, 45.89, 45.12, 42.05, 45.52, 46.27, 42.01, 41.06, 42.79, 50.13, 45.97, 51.56, 48.66, 53.18, 51.31, 60.12, 58.85, 51.97, 54.98, 56.28, 54.79, 55.43, 62.67, 63.22, 67.01, 65.78]
A8MR65	10	30	SLDHSDINDPMIVAVESLDTS	[67.2, 55.33, 61.25, 63.04, 62.7, 57.75, 64.86, 62.19, 58.55, 62.24, 56.65, 59.3, 57.99, 60.7, 61.64, 58.81, 61.82, 63.99, 64.84, 65.34, 63.65]
A8MR65	53	70	HQASLVNSSCPSSVIDYA	[68.05, 58.23, 53.35, 59.59, 53.66, 55.56, 49.26, 50.94, 50.99, 61.47, 51.04, 53.76, 62.25, 54.74, 65.35, 65.63, 66.25, 66.26]
A8MR65	78	183	NTKTSDEASSSASFTGPSLYMFKDSIYSTGSSSSGYAATSSIEQCFSKVDHKTQEDTQDFTHMEFIYHDSEFAVEDLQEVLNPVESYILSSARWSVSNQDSKEATT	[55.88, 69.24, 61.27, 63.84, 68.79, 63.61, 66.14, 61.52, 60.45, 60.83, 57.34, 55.46, 53.81, 57.3, 53.28, 59.31, 60.61, 47.55, 54.72, 48.39, 65.26, 53.52, 48.6, 52.12, 46.32, 58.11, 44.3, 52.54, 46.43, 52.31, 46.93, 43.56, 59.01, 51.7, 50.3, 51.89, 49.12, 45.31, 57.7, 48.55, 49.97, 59.0, 60.6, 48.06, 46.13, 52.23, 56.33, 52.3, 57.19, 47.66, 53.65, 53.27, 54.59, 53.8, 53.6, 54.69, 56.34, 60.04, 59.31, 59.07, 60.69, 60.45, 55.93, 58.0, 56.49, 61.08, 53.07, 56.53, 49.7, 51.12, 54.05, 53.2, 47.57, 56.99, 55.99, 55.54, 59.12, 55.88, 54.75, 55.23, 57.37, 52.09, 48.57, 55.03, 52.89, 55.24, 62.46, 66.48, 65.1, 57.81, 60.61, 60.41, 65.35, 61.38, 58.23, 59.16, 55.9, 54.07, 54.42, 48.35, 49.34, 50.26, 46.32, 46.91, 56.06, 65.12]
A8MRD9	255	554	SVFNTPKVHSPVNTKEHEEKLDLGHSRKENLSKSSSKRPARHETRGINEKEKVRNGNKSSLLKQSLKQVRSESTDAEITGKRGRKPNSLMNPEDYDISWLSGKRDPLKTSSNKKIQKKGSGGVSSLGKVPAKKTPLPKENSPATSSRSLTGSLKRSRVKMDESDYDSDSLSSPRLKKLASCFRDEEPNQEDDRKIGNSSKQTRSKNGLEKSQKTAKKKPVVEAKIVNSSGKRLSARSVAKRRNLERAPLDTLVPQSSKRKKMVSQVAARQLANESEEETPKSHPTRRRTVRKEVESDGFG	[59.72, 54.56, 50.28, 42.69, 33.53, 39.88, 37.47, 32.78, 33.34, 29.52, 36.56, 28.53, 30.08, 29.64, 34.62, 28.06, 27.14, 27.64, 27.53, 29.02, 26.95, 25.66, 30.47, 27.67, 33.28, 29.95, 28.58, 30.91, 28.64, 27.61, 34.12, 31.06, 34.19, 27.34, 32.56, 32.06, 33.69, 33.81, 47.09, 31.36, 34.5, 28.88, 28.95, 31.56, 29.86, 26.89, 34.22, 28.84, 31.67, 32.19, 31.97, 31.03, 28.95, 29.58, 28.75, 28.98, 32.34, 35.41, 34.38, 31.44, 30.14, 30.94, 31.84, 37.25, 31.33, 32.97, 29.98, 33.03, 28.02, 26.3, 29.67, 28.84, 31.5, 27.64, 27.25, 29.3, 27.83, 29.73, 30.69, 29.66, 34.12, 28.98, 28.69, 34.28, 40.44, 33.0, 28.73, 29.27, 31.69, 30.36, 33.56, 40.66, 33.22, 31.8, 32.38, 30.28, 30.78, 28.89, 33.84, 29.81, 31.56, 28.25, 29.47, 29.38, 30.84, 36.41, 29.42, 29.19, 29.09, 27.27, 31.25, 31.19, 29.66, 25.81, 27.09, 27.3, 32.72, 28.95, 24.58, 26.09, 24.72, 27.86, 31.3, 34.59, 38.88, 28.33, 26.72, 32.12, 33.31, 54.0, 29.58, 30.98, 30.19, 32.25, 35.34, 28.47, 49.78, 26.03, 25.97, 25.91, 29.66, 42.91, 24.42, 25.91, 28.92, 35.16, 34.12, 27.98, 34.28, 28.42, 26.73, 32.94, 33.19, 32.09, 26.31, 29.48, 27.58, 25.94, 27.05, 27.3, 27.53, 28.48, 32.06, 28.12, 31.53, 28.14, 28.73, 25.44, 27.56, 27.25, 27.06, 33.69, 37.81, 25.78, 28.12, 29.12, 28.58, 27.5, 26.48, 29.44, 26.0, 26.91, 30.25, 24.86, 25.94, 27.61, 40.62, 24.28, 29.33, 27.73, 30.47, 30.67, 30.72, 28.98, 26.92, 26.69, 26.66, 30.41, 35.09, 34.72, 34.09, 29.56, 32.91, 32.22, 38.62, 28.98, 28.81, 31.61, 28.69, 28.95, 30.05, 30.47, 28.33, 27.44, 30.2, 34.03, 32.06, 29.17, 54.0, 28.95, 31.17, 31.33, 35.59, 35.75, 29.55, 30.44, 31.17, 35.09, 33.72, 26.53, 37.28, 33.97, 29.92, 31.89, 33.62, 30.69, 33.78, 29.16, 29.59, 29.56, 29.48, 36.12, 29.27, 35.12, 28.56, 28.59, 32.22, 64.88, 32.75, 32.78, 33.28, 28.7, 36.38, 44.81, 34.03, 32.53, 36.62, 32.97, 30.25, 32.44, 31.28, 26.2, 25.95, 32.25, 32.12, 29.22, 28.56, 29.58, 31.3, 27.73, 28.39, 29.92, 29.81, 31.05, 33.31, 31.73, 30.12, 26.83, 26.67, 39.41, 26.33, 26.77, 37.19, 33.0, 28.44, 29.44, 26.62, 32.0, 27.8, 33.22, 24.22, 24.94, 29.25, 26.34, 37.88, 32.72, 45.31, 51.81, 55.38, 68.12]
A8MRD9	611	825	DDTSADEDKEIDLPESIPLSDIMQRQKVKKSKNVAVSVEPTSSSGVRSSSRTLMKKDCGKRLNKQVEKTREGKNLRSLKELNAETDRTAEEQEVSLEAESDDRSEEQEYEDDCSDKKEQSQDKGVEAETKEEEKQYPNSEGESEGEDSESEEEPKWRETDDMEDDEEEEEEEIDHMEDEAEEEKEEVDDKEASANMSEIEKEEEEEEEDEEKRKS	[46.38, 38.5, 38.38, 34.28, 35.81, 36.38, 39.91, 36.44, 34.41, 32.84, 30.73, 28.27, 28.39, 41.69, 27.94, 32.81, 31.73, 38.03, 25.89, 32.78, 27.31, 31.23, 25.33, 33.34, 30.09, 33.03, 30.94, 30.06, 31.25, 26.58, 30.52, 31.91, 28.3, 29.88, 28.42, 29.33, 28.31, 33.0, 25.59, 52.47, 27.2, 32.38, 38.75, 35.12, 27.73, 28.02, 27.84, 32.81, 33.0, 32.53, 35.44, 32.19, 31.66, 34.91, 33.09, 36.41, 29.84, 24.97, 25.47, 29.97, 26.48, 29.92, 29.72, 27.16, 31.03, 30.62, 29.11, 36.84, 31.41, 36.12, 38.25, 33.78, 35.75, 32.25, 34.41, 34.59, 34.12, 35.19, 34.59, 36.03, 34.16, 28.59, 31.38, 29.28, 27.84, 24.83, 28.27, 25.97, 30.56, 28.77, 28.58, 31.53, 30.41, 26.61, 28.41, 33.34, 35.91, 32.72, 35.84, 35.97, 28.33, 34.0, 30.58, 36.56, 33.88, 27.47, 28.08, 31.05, 31.53, 32.12, 25.44, 28.67, 24.92, 31.2, 27.97, 25.31, 22.53, 24.88, 26.7, 25.73, 28.23, 26.39, 28.61, 26.55, 27.05, 25.09, 28.27, 25.59, 23.83, 26.58, 24.45, 25.66, 24.09, 25.66, 23.28, 27.58, 37.81, 26.73, 28.84, 26.08, 27.33, 29.27, 28.31, 28.42, 28.39, 30.19, 25.39, 30.0, 27.88, 26.55, 26.38, 25.38, 34.44, 37.19, 24.98, 24.12, 28.27, 29.19, 28.7, 33.25, 31.95, 32.16, 36.66, 34.5, 34.72, 32.22, 44.97, 44.59, 36.44, 37.75, 40.0, 35.22, 37.97, 36.62, 39.47, 34.75, 36.53, 35.47, 34.62, 35.62, 39.19, 38.91, 35.94, 39.72, 40.88, 36.69, 40.31, 41.0, 41.25, 41.59, 40.88, 44.81, 41.69, 42.91, 44.84, 44.16, 46.69, 46.0, 53.56, 50.94, 49.59, 54.47, 56.28, 53.19, 55.69, 57.31, 55.09, 53.59, 54.53, 53.22, 53.34, 56.41, 56.47, 52.88, 46.66]
A8MS41	0	29	MFSSTTLHHLPRPNLLLPRKVISRRMSTNP	[36.24, 34.8, 34.02, 35.59, 35.81, 37.38, 33.17, 33.76, 30.55, 29.28, 29.23, 29.75, 34.18, 32.65, 33.58, 32.17, 36.49, 33.24, 34.54, 37.14, 35.35, 39.83, 36.44, 39.1, 40.05, 41.25, 43.43, 46.24, 55.42, 62.6]
A8MS41	43	86	GVDIGSRNKSDGFFAIPLYLSKLVALYNCISLSRIGTSNENFVF	[60.75, 60.12, 61.13, 62.53, 53.58, 46.58, 43.57, 37.42, 32.74, 32.85, 30.25, 30.08, 28.29, 31.37, 29.75, 33.01, 33.76, 42.58, 43.25, 37.21, 45.33, 39.81, 41.0, 46.23, 41.58, 37.27, 38.84, 40.35, 34.34, 33.09, 35.56, 33.45, 30.63, 29.57, 32.84, 28.77, 32.24, 34.78, 34.11, 39.07, 41.38, 43.11, 49.77, 54.28]
A8MS41	205	229	SVSCSEQKIETSNEGKDSRKDSRDL	[62.44, 58.77, 53.14, 42.06, 37.73, 32.49, 31.82, 28.63, 34.6, 28.05, 29.65, 29.09, 28.72, 28.78, 29.06, 30.75, 32.17, 41.61, 40.09, 41.85, 47.39, 48.35, 58.71, 69.75, 66.36]
A8MS68	0	82	MQSAMALSFSQTSFTRPNHVLGSSGSVFSTPRSLRFCGLRREAFGFSTSNQLAIRSNRIQFLSRKSFQVSASASSNGNGAPPK	[35.62, 33.31, 33.11, 45.31, 35.52, 45.51, 31.48, 43.37, 34.65, 38.78, 36.47, 33.6, 41.99, 33.92, 37.84, 36.13, 48.02, 36.56, 40.36, 38.95, 37.8, 36.95, 38.68, 36.44, 37.27, 32.65, 38.03, 35.12, 39.09, 39.85, 42.98, 38.72, 34.85, 37.76, 32.2, 37.25, 36.67, 32.88, 35.84, 33.48, 36.7, 35.28, 34.95, 36.02, 33.63, 34.81, 37.08, 33.28, 37.19, 36.17, 38.49, 36.87, 37.32, 39.83, 35.52, 37.3, 37.86, 36.6, 39.18, 35.87, 36.05, 37.96, 35.83, 39.98, 36.1, 37.24, 38.18, 36.46, 38.91, 37.99, 39.8, 39.97, 33.62, 38.64, 35.29, 36.86, 38.58, 42.08, 37.15, 42.15, 39.99, 52.32, 65.12]
A8MS68	557	622	HATTRTGDAKIKLNTNQEDRKGRRRGGDDEKQPSVSKDLKDISTRPSSFFENISVGVLSLLSLIFV	[61.58, 40.36, 38.33, 30.71, 31.83, 33.78, 32.29, 35.6, 37.55, 37.92, 35.26, 40.13, 34.03, 38.19, 36.03, 39.42, 39.95, 38.8, 38.91, 38.3, 39.29, 36.7, 37.67, 36.58, 38.01, 37.33, 38.42, 38.04, 42.39, 38.94, 39.59, 36.61, 45.13, 35.87, 38.05, 35.51, 37.64, 34.67, 34.8, 32.89, 30.64, 34.14, 32.76, 31.37, 30.08, 33.44, 33.3, 28.58, 31.94, 28.7, 31.73, 30.86, 32.49, 28.79, 31.4, 30.43, 30.71, 29.11, 31.4, 31.69, 30.9, 31.13, 33.43, 39.92, 31.2, 43.06]
A8MS85	0	245	MARNAISDDEEDHELEDDDGEPVHGDPAEHDENDDEEDDDDVGNEYENDGFIVNDEDEEEEEEEDEERKDSDEERQKKKKKRKKKDEGLDEDDYLLLQDNNVKFKKRQYKRLKKAQREQGNGQGESSDDEFDSRGGTRRSAEDKIKDRLFDDVDVDDPPDDVGDEEDLVVEEDVVGSEDEMADFIVDEDDEHGPPKRGNSKKKKYRQGSDITAMRDANEIFGDVDELLTIRKKGLASNQRMERRLE	[30.53, 27.78, 27.94, 30.73, 29.54, 27.92, 27.14, 29.06, 28.75, 30.53, 26.96, 26.64, 27.86, 26.2, 26.73, 28.07, 27.04, 30.09, 28.23, 33.0, 30.87, 28.38, 31.39, 30.91, 28.29, 30.79, 32.32, 33.03, 29.23, 31.46, 30.87, 30.5, 29.96, 28.94, 29.34, 28.4, 29.31, 27.16, 29.16, 28.21, 28.66, 28.5, 31.0, 30.39, 31.57, 32.74, 33.37, 33.75, 33.53, 32.13, 28.92, 32.72, 31.53, 32.45, 34.96, 34.75, 35.69, 32.11, 31.7, 30.48, 28.98, 27.67, 28.26, 30.22, 29.05, 29.59, 31.32, 30.48, 29.04, 30.42, 34.03, 29.45, 31.32, 31.36, 30.29, 30.41, 31.39, 31.12, 26.69, 26.77, 29.29, 30.1, 26.86, 28.0, 28.18, 31.48, 32.37, 40.36, 49.14, 60.76, 46.83, 58.15, 68.56, 57.18, 62.47, 61.91, 60.93, 54.91, 58.65, 46.29, 44.58, 42.46, 37.54, 37.88, 34.88, 33.9, 32.39, 28.74, 32.27, 32.46, 34.59, 35.8, 32.2, 34.64, 31.79, 34.43, 29.73, 34.97, 31.48, 34.7, 29.26, 33.78, 30.37, 32.25, 33.81, 29.22, 32.0, 32.77, 35.28, 33.3, 30.71, 30.37, 33.41, 31.12, 31.05, 32.97, 31.49, 33.51, 34.72, 34.98, 32.09, 35.09, 31.71, 39.81, 34.44, 32.67, 32.92, 34.01, 33.47, 33.03, 35.7, 36.52, 36.68, 34.74, 39.08, 38.59, 37.04, 36.12, 40.44, 38.04, 37.54, 38.43, 34.15, 33.62, 35.29, 37.33, 34.0, 32.75, 31.64, 33.35, 31.31, 33.85, 32.59, 30.93, 33.43, 31.42, 36.79, 32.23, 39.5, 36.74, 41.02, 33.2, 34.14, 36.15, 34.38, 43.24, 35.32, 37.67, 35.38, 34.21, 34.18, 31.1, 31.18, 34.99, 40.12, 36.66, 31.4, 33.48, 33.18, 29.94, 32.97, 29.57, 32.26, 29.81, 28.1, 31.43, 27.91, 30.25, 34.59, 37.29, 41.3, 36.45, 43.85, 46.16, 41.59, 40.45, 50.36, 53.82, 48.43, 51.47, 51.59, 49.83, 54.18, 57.44, 56.55, 60.47, 57.12, 60.17, 62.34, 57.94, 48.61, 58.68, 54.74, 43.73, 48.94, 47.82, 43.05, 36.84, 33.27, 36.35, 35.84, 42.67, 54.93, 60.06, 67.9, 69.78]
A8MS85	305	319	QLRESDGTFDGRGFS	[69.93, 64.66, 58.78, 52.19, 49.44, 35.85, 34.57, 32.62, 31.52, 28.28, 30.05, 36.51, 39.87, 52.41, 63.93]
A8MS85	454	469	GEIGVDEGQYKRPKRK	[60.5, 53.19, 44.14, 41.34, 39.66, 44.68, 40.14, 54.42, 47.22, 51.47, 47.24, 49.38, 53.94, 53.83, 57.92, 69.02]
A8MS85	1195	1217	DRNSLQLVKEKARKEKELVRKHF	[64.1, 57.25, 53.91, 53.75, 52.08, 54.62, 58.24, 60.26, 60.39, 62.39, 66.06, 63.1, 62.66, 62.74, 59.83, 58.7, 55.54, 54.25, 52.35, 54.33, 54.35, 56.92, 69.68]
A8MS85	1412	1646	PLQESAPSIRSIAAKVPMRSPADHGSSGGSGWGSSQSEGGWKGNSDRSGSGRGGEYRNGGGRDGHPSGAPRPYGGRGRGRGRGRRDDMNSDRQDGNGDWGNNDTGTADGGWGNSGGGGWGSESAGKKTGGGSTGGWGSESGGNKSDGAGSWGSGSGGGGSGGWGNDSGGKKSSEDGGFGSGSGGGGSDWGNESGGKKSSADGGWGSESGGKKSDGEGGWGNEPSSRKSDGGGGGW	[56.17, 55.54, 41.4, 30.57, 29.15, 28.48, 27.6, 31.29, 35.56, 32.53, 33.42, 31.11, 29.76, 32.78, 29.66, 26.77, 27.22, 24.69, 27.02, 27.11, 31.19, 28.02, 29.23, 28.7, 28.32, 30.59, 30.42, 28.6, 29.53, 31.82, 28.52, 29.24, 30.73, 28.97, 30.69, 32.18, 31.01, 31.36, 31.79, 28.99, 28.95, 29.42, 28.25, 29.84, 29.01, 29.76, 30.24, 31.31, 33.15, 32.46, 32.91, 33.5, 32.77, 32.76, 33.07, 31.92, 34.38, 31.51, 31.42, 28.19, 29.08, 28.01, 33.05, 28.91, 31.83, 30.3, 28.03, 26.91, 28.84, 30.46, 32.59, 31.32, 32.61, 30.11, 32.49, 30.28, 30.64, 31.93, 31.95, 32.2, 33.46, 34.89, 29.76, 31.67, 31.41, 31.96, 33.32, 33.52, 34.52, 32.56, 32.15, 31.97, 32.74, 32.14, 28.85, 30.03, 27.5, 26.89, 28.36, 28.17, 26.75, 29.26, 27.06, 29.05, 28.14, 30.84, 27.72, 29.97, 30.25, 29.84, 31.32, 29.78, 28.71, 29.97, 29.59, 27.17, 30.44, 26.13, 33.04, 26.66, 30.78, 25.22, 27.98, 28.8, 28.99, 29.28, 30.49, 28.6, 27.65, 27.07, 27.08, 27.48, 27.71, 29.47, 29.06, 28.68, 30.63, 30.24, 29.42, 31.25, 30.12, 31.35, 29.93, 33.99, 30.36, 30.43, 33.22, 29.71, 33.62, 30.22, 33.22, 31.23, 29.99, 32.97, 30.43, 31.11, 30.08, 27.73, 32.4, 28.02, 33.29, 29.42, 31.39, 32.18, 29.17, 32.15, 31.57, 29.82, 31.07, 30.67, 30.1, 30.47, 31.53, 30.56, 33.38, 31.95, 35.29, 37.29, 41.21, 37.64, 42.99, 37.72, 40.16, 35.94, 36.11, 36.15, 37.32, 37.12, 35.58, 38.46, 35.66, 36.92, 39.08, 38.06, 35.94, 37.67, 38.04, 37.66, 35.7, 38.72, 36.44, 36.8, 33.74, 36.82, 36.29, 33.18, 35.04, 34.59, 36.18, 32.85, 36.77, 35.75, 37.94, 36.35, 35.8, 35.4, 35.26, 34.32, 33.71, 37.3, 39.81, 39.01, 45.1, 40.34, 41.14, 40.51, 39.96, 41.02, 40.21, 38.92, 37.54, 37.24, 36.74, 38.77, 30.85]
A8R7E6	0	27	MKLKISLIAPILLLFSFFFAVESKCRTS	[39.8, 41.66, 42.73, 42.03, 49.7, 49.27, 54.91, 54.32, 57.35, 51.24, 57.55, 51.19, 52.15, 49.37, 45.57, 44.75, 41.43, 36.61, 37.88, 41.22, 39.05, 38.51, 47.01, 54.61, 67.71, 57.13, 58.41, 60.66]
A8R7E6	259	305	NKSKGDSFSSSIPLSTKADHASSTSLQSGGLGGAGVSPGIAAISVDK	[61.6, 59.09, 50.82, 43.68, 36.49, 34.91, 30.83, 31.25, 27.45, 27.98, 30.71, 29.61, 27.57, 25.18, 29.01, 23.63, 27.52, 24.02, 25.02, 24.44, 26.06, 22.85, 25.93, 23.98, 21.69, 25.62, 22.75, 24.82, 24.73, 22.54, 25.33, 23.77, 32.22, 34.29, 33.06, 38.57, 34.91, 39.38, 40.52, 42.12, 44.72, 39.84, 38.29, 34.4, 49.01, 50.53, 60.06]
A8R7E6	597	616	GNWDVGNFQNEDLVSLMSGR	[59.82, 54.15, 49.0, 47.1, 46.14, 41.4, 37.1, 34.89, 33.28, 36.21, 43.28, 42.03, 39.03, 41.74, 39.35, 39.14, 38.49, 35.4, 34.01, 35.52]
A9LLI7	0	27	MSDGNMDVDESPVSWKVKSLEKLIDGSS	[37.19, 34.36, 39.76, 35.21, 41.82, 40.06, 40.38, 46.19, 37.61, 41.47, 43.06, 50.84, 51.8, 54.38, 58.89, 62.81, 65.5, 67.26, 65.05, 61.52, 64.35, 67.27, 62.19, 63.72, 63.79, 58.68, 57.48, 69.1]
A9LLI7	130	186	GRSVVADDGDDGFQMVYGKKKKPVGNVVTGSAAVNGGGSVIDVKMAERDKNSSGKAK	[53.71, 54.36, 47.68, 53.96, 49.06, 42.24, 34.74, 40.41, 34.96, 35.78, 35.77, 31.57, 29.31, 31.42, 32.53, 31.27, 29.81, 32.35, 28.52, 31.38, 32.28, 29.05, 34.6, 35.66, 33.65, 33.33, 32.81, 33.09, 32.1, 31.41, 29.88, 35.24, 35.01, 34.26, 34.79, 33.45, 29.56, 31.49, 32.13, 33.99, 37.02, 28.39, 36.74, 32.59, 40.17, 31.75, 30.15, 29.65, 31.08, 38.98, 36.98, 32.98, 31.93, 35.47, 40.23, 49.09, 65.6]
A9LLI7	568	869	VSPGNVMDKNIEPISEKKDLHTGDVASPSLKENSSQLESTRDLIMGAANTNEGRGLGSGLFGSAKVSAAVRISKKPSSGLGALLGNAASKKKSRTDEKVKEDVKLEQIRSSVNLSFHSFTEKVPDSKSTSETSPKVYGKPEEMSSTMPASVSKEDGVKELKDDSEEASEIVGTSGRVSESKVSSSEMGDIILLENGDEKKVDAEDEPMSLSELSTNFQKCFKSMNKSKKAQKQTEFLNIEPFDYEAARKEVKFGEGHKGRQGKREAAAGQKKGSTQEQSEFGQGKRRQAFPASGNRSMSFKN	[61.45, 44.76, 40.3, 36.77, 33.9, 35.18, 30.19, 28.79, 29.5, 29.43, 27.2, 25.35, 25.99, 26.46, 29.44, 29.78, 27.23, 34.01, 27.36, 27.45, 32.17, 27.18, 32.33, 31.37, 32.08, 32.41, 28.67, 34.29, 27.61, 31.98, 30.64, 28.63, 30.46, 27.74, 27.1, 29.53, 28.84, 27.6, 28.05, 33.91, 30.55, 32.29, 31.0, 34.95, 26.56, 28.91, 31.45, 27.51, 29.83, 29.8, 29.43, 26.99, 26.39, 28.21, 24.8, 25.28, 24.64, 26.32, 25.73, 26.8, 24.17, 26.13, 24.26, 24.6, 24.2, 24.05, 24.32, 25.64, 23.17, 27.28, 24.17, 27.77, 25.93, 27.17, 33.35, 30.48, 26.72, 32.43, 33.44, 30.79, 30.49, 32.63, 34.86, 32.0, 30.83, 31.02, 32.34, 30.14, 33.35, 31.66, 30.11, 28.83, 30.57, 28.86, 35.92, 33.89, 33.5, 33.67, 33.86, 33.98, 34.26, 35.61, 38.96, 37.78, 40.74, 39.21, 38.3, 37.98, 39.5, 34.03, 33.6, 31.09, 30.61, 28.41, 27.77, 29.07, 30.32, 31.91, 26.92, 33.9, 26.88, 34.04, 34.67, 35.61, 35.62, 35.67, 35.41, 34.59, 32.89, 35.48, 37.13, 34.86, 33.84, 42.41, 35.17, 34.31, 36.14, 35.39, 32.24, 38.51, 34.99, 30.7, 34.85, 32.49, 36.13, 33.73, 31.01, 38.51, 29.95, 36.08, 30.06, 35.51, 34.45, 36.63, 33.96, 33.71, 29.36, 34.93, 28.42, 34.91, 32.16, 33.32, 35.46, 34.25, 32.73, 33.1, 28.71, 33.72, 27.92, 34.31, 29.2, 32.59, 31.52, 26.75, 32.66, 28.23, 29.03, 33.64, 28.28, 32.14, 31.1, 27.49, 31.72, 29.19, 31.61, 35.72, 31.44, 30.86, 32.21, 26.34, 32.38, 25.63, 32.12, 32.72, 28.66, 28.99, 29.86, 28.65, 30.08, 27.3, 31.05, 28.08, 29.78, 31.68, 38.61, 43.18, 47.06, 55.06, 51.66, 55.01, 55.09, 59.65, 57.45, 55.59, 61.55, 58.45, 57.99, 58.01, 60.55, 49.57, 56.19, 54.4, 48.85, 47.8, 42.32, 40.73, 38.72, 35.55, 34.52, 34.35, 34.78, 29.27, 25.31, 26.31, 25.63, 25.94, 26.14, 26.8, 28.21, 34.24, 34.07, 32.64, 51.46, 38.95, 49.34, 54.84, 43.24, 46.95, 47.13, 41.72, 33.45, 31.98, 31.41, 32.82, 27.48, 26.91, 33.67, 27.83, 30.57, 31.29, 28.19, 30.08, 27.62, 30.86, 27.56, 28.88, 30.22, 26.27, 29.05, 27.86, 27.35, 26.53, 27.43, 26.41, 28.25, 26.49, 28.08, 25.25, 27.38, 24.05, 26.7, 28.68, 24.58, 26.57, 24.15, 28.79, 29.4, 28.7, 28.48, 32.08, 29.27, 25.98, 30.94, 27.79, 32.18, 29.98, 28.17, 23.81, 24.42, 23.57, 24.02, 24.51]
A9LNK9	0	61	MEDADGLSFDFEGGLDSGPVQNTASVPVAPPENSSSAAVNVAPTYDHSSATVAGAGRGRSFR	[41.21, 45.84, 47.31, 55.06, 51.56, 43.22, 43.36, 44.4, 38.21, 47.2, 41.83, 43.79, 36.41, 36.44, 38.25, 41.35, 39.1, 33.97, 42.53, 38.58, 38.64, 37.81, 37.57, 40.96, 42.87, 49.74, 46.62, 40.45, 49.44, 54.01, 52.58, 46.5, 40.03, 45.74, 44.14, 43.2, 40.09, 35.75, 40.14, 32.31, 40.51, 31.6, 41.84, 40.13, 37.56, 36.2, 39.15, 37.41, 36.35, 37.23, 35.34, 38.4, 35.12, 35.76, 35.21, 32.94, 40.1, 35.07, 39.64, 44.98, 58.47, 69.47]
A9LNK9	156	226	QLTTYNYGTNRLYQARNVAPQLQDRPQGQVPMQGQPQESGNLQQQQQQQPQQSQHQVSQTLIPNPADQTNR	[67.9, 60.67, 58.14, 57.48, 50.34, 47.1, 41.12, 33.51, 35.68, 36.1, 39.28, 42.07, 39.77, 39.19, 38.82, 36.11, 38.1, 43.1, 42.12, 41.25, 38.39, 39.14, 36.62, 36.46, 34.54, 38.53, 36.46, 34.9, 36.77, 40.52, 37.18, 38.13, 36.67, 35.63, 40.73, 36.4, 37.29, 37.44, 37.52, 35.95, 36.18, 33.6, 35.08, 34.51, 38.14, 33.98, 33.56, 40.89, 34.87, 37.94, 34.44, 41.11, 36.34, 33.35, 40.44, 35.4, 37.62, 31.03, 39.82, 33.83, 37.72, 41.46, 38.75, 34.68, 41.49, 39.99, 34.89, 34.59, 42.87, 44.78, 60.68]
A9LNK9	397	630	GVNPESRAENPDIVPFEDNEEEEEEEDESEEEEESMAGGPQGRGRGRGIMWPPQMPLGRGIRPMPGMGGFPLGVMGPGDAFPYGPGGYNGMPDPFGMGPRPFGPYGPRFGGDFRGPVPGMMFPGRPPQQFPHGGYGMMGGGRGPHMGGMGNAPRGGRPMYYPPATSSARPGPSNRKTPERSDERGVSGDQQNQDASHDMEQFEVGNSLRNEESESEDEDEAPRRSRHGEGKKRR	[60.22, 58.35, 50.19, 54.18, 50.9, 44.67, 48.21, 47.4, 44.37, 44.94, 50.56, 47.78, 50.64, 51.35, 47.91, 50.2, 56.18, 49.3, 47.24, 50.97, 50.43, 50.68, 51.56, 51.77, 51.55, 51.13, 52.52, 51.87, 55.37, 52.96, 54.05, 55.1, 56.16, 52.92, 54.6, 52.47, 44.61, 38.36, 37.41, 41.36, 42.59, 38.35, 38.54, 35.69, 39.73, 35.92, 40.09, 33.23, 42.35, 38.16, 40.84, 46.44, 38.74, 41.89, 42.95, 44.21, 43.26, 41.67, 37.72, 34.89, 37.73, 39.17, 41.91, 39.0, 42.71, 38.86, 46.34, 36.61, 38.17, 35.82, 42.72, 34.82, 38.88, 47.98, 44.43, 36.9, 44.31, 39.06, 39.64, 37.97, 41.27, 48.66, 41.29, 38.03, 46.04, 38.26, 39.01, 32.16, 40.5, 37.1, 42.87, 42.97, 46.57, 44.73, 34.97, 35.86, 44.25, 45.15, 42.19, 38.21, 41.69, 32.62, 36.24, 42.95, 40.66, 38.34, 42.89, 40.45, 34.92, 42.17, 33.38, 40.97, 35.56, 39.59, 36.79, 39.27, 41.17, 40.03, 34.65, 44.44, 45.95, 41.44, 41.54, 39.02, 37.99, 43.68, 40.86, 44.36, 39.83, 34.33, 45.42, 38.56, 35.96, 36.09, 40.38, 38.34, 49.55, 46.36, 40.68, 41.37, 38.16, 34.08, 36.59, 46.25, 35.71, 46.02, 37.3, 37.48, 42.53, 35.33, 37.57, 36.91, 43.14, 38.87, 38.71, 37.81, 40.81, 42.55, 37.77, 35.51, 41.04, 56.28, 38.95, 31.66, 38.61, 34.95, 36.25, 37.2, 38.75, 38.84, 35.82, 49.13, 40.08, 37.61, 39.5, 37.86, 37.0, 45.52, 41.65, 40.44, 40.13, 47.99, 40.9, 41.18, 34.2, 44.7, 36.01, 37.76, 42.41, 39.07, 39.63, 34.11, 40.15, 35.61, 42.86, 36.09, 39.92, 40.13, 40.67, 37.33, 38.83, 35.18, 36.93, 32.54, 35.47, 29.33, 37.87, 33.31, 36.7, 31.57, 44.23, 35.19, 39.41, 34.72, 44.58, 36.73, 46.0, 44.02, 47.94, 46.1, 56.17, 46.98, 43.47, 46.95, 44.56, 42.52, 43.68, 39.97, 44.4, 40.87, 42.25, 45.43, 47.1, 39.18]
A9QM73	142	161	LGSFSEDQQSQNLSDKDGKE	[59.36, 58.35, 53.11, 52.03, 47.04, 49.12, 45.71, 42.19, 44.9, 41.84, 42.09, 39.51, 46.41, 42.78, 46.82, 44.33, 56.11, 63.0, 66.64, 69.74]
A9QM73	274	308	PSKDSSKRLTGKGRGKGADISLKDATLVAGPEKDK	[57.42, 54.91, 45.95, 38.78, 38.87, 33.05, 34.21, 31.83, 34.29, 32.35, 38.68, 32.82, 36.71, 32.63, 36.0, 38.44, 29.35, 35.88, 29.24, 39.3, 33.08, 33.12, 34.96, 30.39, 37.45, 34.39, 36.04, 35.13, 40.4, 40.3, 55.24, 50.79, 55.77, 65.82, 68.99]
A9QM73	486	512	GPTFIDDVEDETCFSNMSLYDERETEN	[65.22, 55.82, 56.67, 58.07, 54.9, 54.78, 47.91, 49.21, 49.01, 47.18, 44.46, 41.56, 43.18, 47.67, 41.82, 42.96, 50.74, 40.05, 36.56, 45.99, 41.35, 41.05, 39.7, 49.56, 56.88, 59.08, 61.8]
A9QM73	590	1058	KPADDFLDSHSSPPKACNALQDNQVMIDHNSPIMQLDQQIYMGEEDDDDEVIVFKPLVTEKRKEASDQIYVPSGGFRKSDQVTTMGDFKALSGSDVAFHENQILQARGNASIQVPASVGANLLGPLQPSTQSQAMHMQQVQTQVQVPASVGANLLGLLLTSTQSQAMHMQQVQTQAVNPQPAQSLAASRLQPIQSQVAQPLPSRVVHFQQTQAQVSHVSPAHSQSTSFGGGSKWSPEEAASLASSLSGFAQLGNGHVMRNEMQGNHGVSYYPAHSLPVHQSYNGNGMGGMPYSQSRTPEAVFPPKIDPVLSSGVVADGLGVQSSLAKKNPISRAFRHLGPPPGFNSVPAKLQKEPAPGSELSGNNHLPVDDYSWLDGYQAQSSRGVGLNSSLNYATSGKPEHLGSTGNGLNGPANFPFPGKQVPTSQVQADFPYFQNPQKDNFVDKNHQSTQLPEQYQGQSTWSSRHFV	[68.54, 62.91, 56.57, 49.28, 32.88, 31.77, 31.1, 30.68, 30.64, 32.55, 29.71, 28.71, 33.64, 32.85, 36.3, 33.5, 27.49, 32.98, 28.36, 34.86, 32.1, 26.91, 31.44, 28.84, 29.93, 27.44, 32.79, 27.66, 31.2, 26.2, 28.62, 27.07, 30.18, 27.28, 27.66, 27.95, 26.2, 28.95, 24.93, 27.86, 26.43, 24.73, 27.77, 30.0, 28.23, 34.44, 36.22, 35.88, 40.5, 46.4, 40.75, 45.86, 35.05, 34.8, 28.9, 27.94, 28.37, 26.23, 27.0, 27.6, 26.55, 27.25, 25.91, 27.75, 26.8, 31.1, 29.66, 31.38, 30.25, 26.65, 27.87, 31.25, 24.22, 28.89, 28.74, 26.97, 30.6, 26.52, 30.68, 30.11, 33.45, 29.15, 30.84, 30.75, 25.16, 27.75, 27.76, 30.38, 30.74, 28.21, 31.93, 28.34, 29.97, 34.17, 32.58, 31.73, 29.98, 30.87, 31.43, 28.38, 29.77, 29.17, 29.03, 31.47, 32.41, 33.46, 32.99, 32.44, 32.17, 33.22, 32.88, 32.84, 32.2, 31.82, 43.39, 31.07, 30.56, 32.18, 30.16, 33.66, 30.62, 34.66, 33.17, 29.68, 42.84, 31.63, 31.07, 44.61, 30.41, 34.25, 33.07, 32.83, 32.65, 30.38, 32.93, 33.19, 30.05, 31.15, 27.69, 32.01, 25.6, 32.54, 23.38, 28.83, 28.57, 25.03, 31.31, 26.26, 30.64, 29.8, 27.16, 27.49, 27.85, 28.63, 25.48, 25.36, 30.57, 27.77, 31.1, 26.02, 29.4, 27.06, 29.93, 25.76, 29.97, 25.84, 25.99, 26.34, 24.92, 27.72, 26.35, 28.56, 25.41, 27.75, 28.37, 25.76, 28.06, 30.43, 39.43, 28.33, 32.12, 32.07, 31.01, 28.35, 30.5, 29.57, 29.52, 28.99, 26.77, 27.63, 26.83, 38.62, 30.23, 28.41, 30.71, 29.93, 27.58, 28.7, 27.89, 33.51, 30.86, 38.14, 29.66, 30.25, 30.03, 31.1, 29.94, 29.36, 29.54, 30.59, 30.22, 29.98, 28.21, 29.75, 29.46, 27.79, 25.55, 29.86, 25.28, 37.7, 26.84, 30.75, 27.99, 26.0, 30.35, 25.05, 32.14, 24.94, 29.79, 24.45, 29.94, 32.22, 30.16, 32.14, 34.26, 34.18, 35.1, 35.84, 31.91, 32.93, 30.36, 32.92, 31.62, 32.17, 32.16, 33.65, 28.54, 28.23, 31.97, 26.67, 26.11, 27.19, 28.54, 26.13, 29.84, 24.47, 30.57, 24.45, 30.12, 30.0, 24.73, 32.15, 33.12, 32.78, 33.31, 32.91, 34.38, 33.92, 28.91, 32.02, 24.68, 35.84, 31.78, 28.73, 31.33, 29.35, 37.44, 34.2, 26.88, 33.93, 29.55, 31.5, 27.65, 32.29, 28.6, 27.34, 25.69, 25.66, 28.61, 33.54, 38.17, 30.51, 26.35, 33.02, 30.69, 34.22, 31.76, 39.78, 33.39, 31.36, 38.4, 32.96, 40.87, 40.3, 32.99, 34.34, 29.84, 40.41, 37.28, 28.98, 29.03, 31.31, 33.59, 34.41, 35.35, 37.7, 34.6, 35.27, 36.28, 34.79, 35.59, 36.64, 34.55, 36.12, 32.62, 35.39, 27.92, 32.76, 29.19, 41.9, 25.22, 30.73, 29.93, 30.18, 33.88, 29.37, 30.24, 26.93, 33.58, 35.91, 30.68, 30.41, 27.79, 26.8, 30.25, 26.2, 29.09, 27.85, 27.21, 28.71, 29.29, 34.53, 33.35, 29.37, 40.88, 40.42, 37.02, 32.58, 33.5, 27.57, 33.11, 31.17, 28.86, 30.82, 25.9, 29.85, 27.01, 34.88, 31.71, 28.48, 30.66, 31.65, 43.94, 43.7, 33.23, 36.83, 30.46, 24.89, 29.07, 26.99, 25.34, 27.58, 27.3, 29.97, 29.17, 24.47, 29.81, 30.42, 26.15, 31.53, 27.71, 31.57, 27.32, 30.28, 31.29, 29.75, 29.03, 29.44, 26.82, 35.21, 30.78, 27.49, 30.28, 27.86, 31.44, 31.02, 26.89, 28.76, 26.21, 30.1, 28.27, 27.79, 30.94, 26.56, 25.7, 24.37, 33.25, 26.03, 33.62, 27.29, 29.18, 23.97, 26.23, 25.64, 24.75, 27.96, 25.81, 28.62, 25.42, 27.47, 26.45, 26.0, 35.15, 25.41, 29.57, 29.75, 26.63, 36.94, 27.96, 27.6, 29.76, 27.14, 29.68, 32.86, 27.08, 31.95, 27.36, 33.55, 31.62, 27.44, 26.93, 32.09, 27.16, 40.74, 32.7, 27.41, 31.9, 29.78, 31.39, 29.1, 29.0, 27.16, 33.42, 31.41, 26.8, 34.32, 31.64, 37.09, 40.75]
B0F481	0	28	MIPVTATLIRHRLRHLRHRIRFKSTSVSP	[36.46, 37.03, 45.9, 48.77, 63.66, 50.0, 53.85, 56.04, 49.56, 41.77, 41.28, 40.93, 38.9, 36.65, 36.3, 34.68, 30.99, 34.27, 36.43, 35.84, 32.96, 37.75, 35.28, 38.97, 40.68, 44.19, 50.94, 60.72, 68.74]
B3GS44	15	40	SLSSSSSISDGVFESQTSVSGRNLRH	[66.15, 61.51, 59.64, 50.43, 47.98, 47.5, 55.83, 47.25, 42.28, 46.79, 48.93, 48.13, 47.08, 45.13, 47.06, 46.47, 43.17, 47.76, 51.53, 48.88, 54.86, 55.14, 54.66, 57.08, 60.12, 61.99]
B3GS44	128	149	PPLYSHNLNASTADSTPRFISL	[65.12, 55.91, 46.78, 43.87, 35.96, 43.79, 36.73, 50.54, 39.63, 41.39, 49.75, 47.76, 48.67, 48.36, 55.75, 57.33, 57.74, 62.76, 61.13, 62.64, 62.55, 67.1]
B3H4G8	0	18	MAMSCKDGKLGCLDNGKYV	[29.61, 36.66, 26.77, 29.98, 36.34, 29.67, 36.19, 29.56, 30.48, 35.12, 28.3, 38.81, 33.19, 41.5, 35.88, 47.91, 50.12, 53.81, 65.88]
B3H4G8	118	152	QHTPNPSLPAKDTSCESVVTSGQHQLASQNPQRDA	[68.44, 62.16, 44.81, 47.16, 50.34, 45.16, 37.81, 36.81, 44.0, 39.94, 30.0, 35.47, 30.64, 29.83, 34.47, 27.91, 33.91, 29.89, 30.78, 30.61, 31.86, 27.02, 31.86, 28.62, 30.7, 27.44, 29.09, 27.8, 29.25, 36.66, 40.0, 49.31, 60.25, 63.03, 67.0]
B3H4G8	431	450	PDKLMGLNLTFANGFAPVSN	[56.62, 58.44, 57.31, 53.75, 47.09, 45.97, 46.91, 39.69, 35.91, 31.28, 34.5, 35.72, 33.28, 31.73, 34.06, 37.66, 47.66, 51.06, 55.53, 67.69]
B3H4G8	483	520	NNIDAYLAAAVKVGPCSARVGGFGGQVILPLAHTIEHE	[62.09, 62.31, 64.31, 59.28, 54.62, 60.03, 59.0, 55.5, 54.88, 52.47, 50.66, 52.06, 41.81, 33.0, 31.95, 27.09, 31.95, 27.2, 26.91, 25.48, 23.94, 30.22, 27.34, 31.08, 38.75, 47.19, 51.31, 58.53, 58.31, 57.75, 57.75, 57.38, 55.22, 56.47, 51.22, 51.47, 53.09, 62.97]
B3H4G8	528	543	LEGLGHSPEDAIVPRD	[69.75, 62.59, 52.62, 42.41, 41.88, 37.5, 35.41, 41.25, 41.12, 35.22, 36.62, 38.91, 41.34, 45.31, 57.59, 63.62]
B3H4G8	591	628	SAKQEVSSPNRTLDLASALEIGSAGTKASTDQSGNSTC	[47.19, 40.91, 37.03, 32.5, 37.53, 32.97, 33.12, 33.31, 35.0, 33.47, 35.59, 38.53, 37.69, 35.59, 39.19, 34.75, 39.47, 36.81, 34.84, 30.97, 38.59, 29.08, 26.86, 36.72, 27.28, 35.38, 28.73, 26.3, 24.23, 26.53, 26.38, 25.98, 25.27, 27.03, 26.23, 33.97, 45.94, 49.81]
B3H4G8	673	689	PSHISSQVGLRTPLGTP	[57.34, 40.31, 39.56, 41.16, 26.73, 34.47, 28.55, 30.77, 35.75, 27.66, 28.86, 32.53, 38.81, 43.84, 44.0, 56.28, 65.06]
B3H4Y2	24	63	IGGSETTHWKIVEEPVRGQIATPPSLTCGGQRLGGPQPRL	[63.88, 58.8, 54.14, 54.4, 54.87, 55.39, 50.48, 48.03, 50.68, 51.9, 51.12, 51.94, 50.01, 48.28, 45.92, 52.24, 38.8, 44.82, 42.03, 52.68, 44.21, 57.7, 53.84, 54.36, 46.08, 45.49, 45.64, 42.13, 45.49, 43.5, 46.66, 47.5, 52.68, 45.89, 56.9, 63.16, 59.84, 64.08, 66.42, 67.4]
B3H5A9	22	100	FTEARQLRKTDDQDHDDHHFTVGYTDDFGPTSPGNSPGIGHKMKENEENAGGYKDDFEPTTPGHSPGVGHAVKNNEPNA	[62.62, 60.05, 58.73, 58.84, 61.37, 62.83, 60.59, 65.85, 65.11, 65.92, 63.36, 60.61, 51.2, 55.84, 50.31, 54.9, 51.77, 53.64, 52.36, 54.44, 50.61, 54.43, 49.41, 53.07, 54.33, 57.87, 61.45, 57.52, 58.32, 64.47, 61.84, 62.8, 64.44, 56.99, 55.01, 56.92, 62.3, 54.03, 64.41, 54.18, 53.66, 59.85, 54.37, 47.11, 54.93, 49.74, 50.61, 51.48, 47.68, 45.72, 43.26, 45.61, 51.77, 56.3, 58.85, 61.19, 63.7, 64.81, 66.4, 62.04, 58.76, 66.08, 61.65, 55.82, 60.48, 65.41, 53.71, 65.88, 55.8, 62.54, 58.76, 60.27, 64.41, 59.11, 64.08, 57.89, 60.58, 60.47, 46.2]
B3H5J1	21	74	SRHLDNVHITASRFSLVKDQNVVSSSTSKEPVKVSRFVPGPLKHHHRRPPLLFA	[66.48, 63.7, 57.67, 55.96, 59.08, 57.37, 55.28, 51.26, 54.3, 54.96, 52.54, 54.29, 54.0, 54.27, 53.65, 52.94, 54.22, 53.14, 52.78, 51.15, 49.36, 51.16, 47.67, 48.24, 42.07, 44.8, 38.72, 39.69, 46.13, 44.52, 50.08, 52.36, 59.84, 56.29, 61.81, 60.96, 59.08, 59.17, 57.29, 58.45, 60.86, 58.65, 61.15, 61.59, 62.16, 67.07, 64.13, 67.2, 69.36, 67.44, 66.26, 64.94, 60.16, 63.09]
B3H5K9	337	705	GSTVEDSVVIPDPLPSTTPSASQSAMAPGSRGVSASTVNASSVEQTPNRNHLWPSGPLGRLHALRANDSYNDDMGVFSPIIDVSSVEKWADSEGYNNKDHLVVDNKPSSLLFPSSSKGYSFGDNGSKEHPIFDWKPSSTSKQDDPRAAFSSFGSITPTASSKSEDSALTPPEAWGGDKFSEKFNQLANEKFSDKFSHLHAPSRLAVSSTGASTSGSMFSSSRDFPLSHGQTNFANASLEFPRIRDFSSTFETSSTQTDNNLPSSPLFTKGITAPGNIDSLRLSPNFTRRFSTYAERISTTSSFSDGASLSLGGSPKIKKTGSETREEVLNHLLARPETVVATEAGAMPLMNQGGLKQSQTDQQQVMGSS	[64.6, 53.94, 51.53, 50.39, 45.9, 44.79, 47.8, 47.71, 53.55, 55.18, 46.17, 39.81, 39.05, 34.73, 33.73, 30.76, 32.76, 29.82, 33.95, 33.18, 35.3, 33.25, 39.27, 37.33, 33.34, 35.62, 39.52, 34.41, 37.97, 40.36, 37.16, 35.23, 35.34, 35.98, 34.39, 38.08, 33.3, 38.69, 32.05, 34.51, 35.58, 32.0, 36.31, 31.41, 33.97, 32.6, 38.39, 31.39, 32.81, 30.5, 34.64, 35.24, 29.2, 36.58, 30.45, 33.6, 36.87, 32.56, 35.18, 30.04, 30.36, 31.53, 28.94, 29.05, 26.49, 33.57, 28.83, 35.18, 30.48, 38.47, 36.75, 39.06, 37.2, 38.94, 35.45, 43.79, 34.54, 34.74, 35.87, 38.49, 37.85, 30.71, 34.9, 31.71, 28.98, 30.99, 32.23, 28.85, 27.57, 30.73, 30.99, 30.87, 30.71, 28.49, 33.6, 32.2, 34.57, 33.79, 36.74, 36.18, 34.54, 35.77, 36.36, 33.83, 36.76, 33.35, 41.3, 40.05, 35.51, 38.61, 30.37, 33.89, 32.16, 29.31, 37.16, 29.09, 33.47, 25.74, 32.9, 26.65, 29.3, 38.39, 35.56, 33.29, 35.91, 32.17, 37.94, 35.83, 35.02, 36.75, 34.79, 36.75, 33.74, 30.72, 32.31, 33.63, 30.6, 35.17, 34.78, 39.52, 36.34, 37.39, 37.08, 37.62, 39.88, 33.15, 35.13, 31.04, 33.27, 33.41, 30.75, 32.17, 32.27, 29.15, 34.95, 30.94, 34.77, 28.56, 29.72, 30.77, 30.39, 29.93, 31.11, 31.04, 29.02, 28.56, 27.44, 31.45, 31.34, 35.69, 38.2, 29.52, 33.02, 35.62, 30.4, 30.57, 34.57, 30.51, 31.23, 32.76, 26.25, 28.48, 28.59, 32.63, 27.86, 27.43, 32.0, 28.11, 27.2, 28.11, 29.5, 26.95, 28.67, 31.46, 32.84, 27.24, 30.24, 33.69, 32.53, 32.67, 38.02, 35.75, 34.86, 33.18, 34.34, 32.09, 30.21, 30.95, 30.83, 32.83, 31.22, 34.83, 29.89, 33.42, 33.22, 32.27, 34.7, 31.07, 31.96, 26.7, 34.48, 30.51, 32.42, 28.97, 35.92, 29.18, 34.3, 32.79, 35.25, 33.44, 32.06, 29.56, 33.05, 29.24, 30.43, 30.39, 26.47, 28.53, 25.41, 29.5, 30.15, 25.06, 29.35, 29.69, 28.87, 26.95, 25.67, 31.37, 26.36, 33.59, 30.64, 26.52, 29.92, 30.62, 29.81, 34.82, 33.93, 33.3, 34.78, 34.92, 31.16, 41.66, 34.78, 32.42, 45.65, 31.33, 33.27, 35.44, 31.76, 33.74, 32.56, 33.15, 29.57, 33.45, 35.03, 30.62, 27.54, 30.91, 30.22, 28.36, 23.07, 27.07, 20.47, 31.11, 25.52, 29.79, 26.23, 30.94, 29.68, 26.98, 33.11, 39.93, 36.77, 44.79, 41.51, 43.4, 40.19, 32.96, 36.3, 35.14, 30.3, 33.68, 29.43, 33.83, 28.94, 30.94, 30.46, 32.4, 26.83, 33.98, 32.21, 30.7, 32.59, 31.25, 41.64, 35.72, 41.64, 38.64, 37.19, 36.73, 32.21, 44.07, 39.66, 40.35, 30.74, 38.86, 37.75, 37.31, 35.74, 35.7, 36.96, 34.58, 33.5, 35.62, 30.0, 37.02, 29.32, 33.7, 29.37, 34.88, 33.24, 34.36, 32.35, 34.79, 33.45, 34.02, 34.02, 41.74, 33.79, 37.39, 36.44, 38.04, 35.71, 34.58, 36.33, 36.43, 37.62, 32.74, 39.56, 32.89, 31.43, 36.75, 39.82, 37.04, 45.56, 39.8, 46.97, 52.92, 57.21]
B3H754	0	38	MGSIRGDLQPLFVMPPPPLDEDCDDIFNSDESSWGLLSL	[42.07, 38.58, 38.69, 43.87, 36.66, 39.39, 39.43, 36.1, 42.68, 36.74, 30.46, 33.14, 35.73, 36.41, 42.03, 42.08, 42.95, 43.42, 40.51, 36.08, 40.41, 36.66, 40.41, 39.42, 38.85, 38.27, 37.99, 38.62, 39.89, 41.87, 45.57, 50.77, 49.64, 51.62, 52.99, 57.97, 59.13, 64.89, 68.62]
B3H754	161	185	GSQVIGMPFFYRSSLKDIAFRDTAW	[67.21, 54.64, 48.25, 35.99, 38.24, 27.59, 27.81, 28.39, 34.35, 32.59, 34.61, 35.2, 47.25, 47.67, 51.65, 51.84, 60.14, 56.44, 50.75, 51.75, 55.99, 51.42, 55.87, 59.63, 64.02]
B3H754	312	349	LKCCGGEGFLSGDDSVRTCLLADKGDNDCCNDVEASNK	[61.88, 55.47, 48.25, 43.92, 39.91, 34.33, 36.97, 33.29, 31.96, 37.83, 32.22, 33.13, 33.96, 33.8, 34.05, 37.48, 37.74, 36.22, 34.49, 38.38, 41.86, 42.16, 42.12, 42.83, 40.88, 45.39, 43.37, 39.13, 40.86, 40.64, 29.42, 34.47, 31.79, 30.71, 32.67, 34.69, 46.02, 53.91]
B3H7I1	24	77	RTESALPSGQHSVLLTGRRLMGSGASGPVRSSQSSQAGGRFNDADPIAIDYGKY	[69.18, 65.57, 54.3, 51.91, 51.25, 49.82, 48.83, 49.16, 46.98, 48.86, 47.09, 51.06, 52.46, 51.13, 54.26, 56.1, 55.45, 56.43, 54.86, 54.65, 53.11, 50.82, 45.22, 45.5, 44.41, 47.08, 54.38, 51.22, 53.1, 54.22, 50.77, 50.18, 49.03, 50.85, 50.8, 51.57, 47.31, 44.65, 47.56, 45.92, 50.7, 49.52, 51.13, 49.35, 54.89, 62.0, 60.94, 57.15, 62.69, 60.52, 57.92, 46.61, 52.55, 49.93]
B3LF48	0	14	METSSTISIGSCLKE	[31.0, 29.62, 30.47, 30.67, 29.78, 32.76, 35.39, 30.08, 39.78, 34.24, 42.46, 50.77, 58.03, 55.85, 62.67]
B3LF48	112	156	ENVVSKQKVSKTNVDVEDNVVTKPQVTAKTPWFKSKSIIKPQVNV	[68.08, 65.95, 68.42, 68.86, 56.84, 54.82, 52.98, 46.58, 42.51, 42.52, 38.94, 35.11, 32.4, 32.15, 31.02, 37.76, 35.14, 31.54, 32.46, 35.46, 33.08, 34.92, 33.69, 35.3, 30.66, 34.81, 30.91, 34.29, 32.29, 31.91, 31.58, 26.7, 26.36, 31.56, 26.99, 28.67, 29.83, 31.32, 27.77, 31.6, 30.6, 37.04, 52.16, 58.25, 63.5]
